#
# There is insufficient memory for the Java Runtime Environment to continue.
# Native memory allocation (mmap) failed to map 167772160 bytes. Error detail: G1 virtual space
# Possible reasons:
#   The system is out of physical RAM or swap space
#   This process is running with CompressedOops enabled, and the Java Heap may be blocking the growth of the native heap
# Possible solutions:
#   Reduce memory load on the system
#   Increase physical memory or swap space
#   Check if swap backing store is full
#   Decrease Java heap size (-Xmx/-Xms)
#   Decrease number of Java threads
#   Decrease Java thread stack sizes (-Xss)
#   Set larger code cache with -XX:ReservedCodeCacheSize=
#   JVM is running with Unscaled Compressed Oops mode in which the Java heap is
#     placed in the first 4GB address space. The Java Heap base address is the
#     maximum limit for the native heap growth. Please use -XX:HeapBaseMinAddress
#     to set the Java Heap base and to place the Java Heap above 4GB virtual address.
# This output file may be truncated or incomplete.
#
#  Out of Memory Error (os_windows.cpp:3710), pid=21456, tid=26556
#
# JRE version: OpenJDK Runtime Environment Microsoft-11926163 (17.0.16+8) (build 17.0.16+8-LTS)
# Java VM: OpenJDK 64-Bit Server VM Microsoft-11926163 (17.0.16+8-LTS, mixed mode, sharing, tiered, compressed oops, compressed class ptrs, g1 gc, windows-amd64)
# No core dump will be written. Minidumps are not enabled by default on client versions of Windows
#

---------------  S U M M A R Y ------------

Command Line: --add-opens=java.base/java.lang=ALL-UNNAMED --add-opens=java.base/java.lang.invoke=ALL-UNNAMED --add-opens=java.base/java.util=ALL-UNNAMED --add-opens=java.prefs/java.util.prefs=ALL-UNNAMED --add-exports=jdk.compiler/com.sun.tools.javac.api=ALL-UNNAMED --add-exports=jdk.compiler/com.sun.tools.javac.util=ALL-UNNAMED --add-opens=java.base/java.util=ALL-UNNAMED --add-opens=java.prefs/java.util.prefs=ALL-UNNAMED --add-opens=java.base/java.nio.charset=ALL-UNNAMED --add-opens=java.base/java.net=ALL-UNNAMED --add-opens=java.base/java.util.concurrent=ALL-UNNAMED --add-opens=java.base/java.util.concurrent.atomic=ALL-UNNAMED --add-opens=java.xml/javax.xml.namespace=ALL-UNNAMED --add-opens=java.base/java.time=ALL-UNNAMED -XX:MaxMetaspaceSize=512m -Xmx2048m -Dfile.encoding=windows-1252 -Duser.country=IN -Duser.language=en -Duser.variant -javaagent:C:\Users\ditsd\.gradle\wrapper\dists\gradle-9.3.1-bin\23ovyewtku6u96viwx3xl3oks\gradle-9.3.1\lib\agents\gradle-instrumentation-agent-9.3.1.jar org.gradle.launcher.daemon.bootstrap.GradleDaemon 9.3.1

Host: AMD Ryzen 7 7730U with Radeon Graphics         , 16 cores, 14G,  Windows 11 , 64 bit Build 26100 (10.0.26100.9444)
Time: Fri Sep 25 13:20:04 2026 India Standard Time elapsed time: 25.031891 seconds (0d 0h 0m 25s)

---------------  T H R E A D  ---------------

Current thread (0x000001c60630b2c0):  VMThread "VM Thread" [stack: 0x0000003881a00000,0x0000003881b00000] [id=26556]

Stack: [0x0000003881a00000,0x0000003881b00000]
Native frames: (J=compiled Java code, j=interpreted, Vv=VM code, C=native code)
V  [jvm.dll+0x68ee19]
V  [jvm.dll+0x846249]
V  [jvm.dll+0x847fb8]
V  [jvm.dll+0x848643]
V  [jvm.dll+0x24cf6f]
V  [jvm.dll+0x68bde9]
V  [jvm.dll+0x6803aa]
V  [jvm.dll+0x30ffc0]
V  [jvm.dll+0x30fe62]
V  [jvm.dll+0x3173b9]
V  [jvm.dll+0x3695e9]
V  [jvm.dll+0x36981d]
V  [jvm.dll+0x2e683a]
V  [jvm.dll+0x2e4c31]
V  [jvm.dll+0x2e43cc]
V  [jvm.dll+0x328ceb]
V  [jvm.dll+0x84cecd]
V  [jvm.dll+0x84dbe3]
V  [jvm.dll+0x84e114]
V  [jvm.dll+0x84e4f8]
V  [jvm.dll+0x84e5ee]
V  [jvm.dll+0x7f5e9c]
V  [jvm.dll+0x68dd27]
C  [ucrtbase.dll+0x2cd30]
C  [KERNEL32.DLL+0x2cd87]
C  [ntdll.dll+0xacaec]

VM_Operation (0x00000038835f0e70): G1CollectForAllocation, mode: safepoint, requested by thread 0x000001c6068ba550


---------------  P R O C E S S  ---------------

Threads class SMR info:
_java_thread_list=0x000001c62932b050, length=238, elements={
0x000001c66773e8b0, 0x000001c60630e3a0, 0x000001c606797430, 0x000001c6067ac610,
0x000001c6067aec00, 0x000001c6067af0e0, 0x000001c6067b35d0, 0x000001c6067c2710,
0x000001c6067c5c50, 0x000001c6067ce160, 0x000001c6068bc8c0, 0x000001c6068c5480,
0x000001c6068c63c0, 0x000001c6068bc3b0, 0x000001c6277581f0, 0x000001c6068bb480,
0x000001c6068b9620, 0x000001c6068bcdd0, 0x000001c6068b9b30, 0x000001c6068bb990,
0x000001c6068ba040, 0x000001c6068ba550, 0x000001c6068baa60, 0x000001c6068baf70,
0x000001c628b079c0, 0x000001c628b083e0, 0x000001c628b09820, 0x000001c628b09310,
0x000001c628b088f0, 0x000001c628b09d30, 0x000001c628b08e00, 0x000001c628b06a90,
0x000001c628b074b0, 0x000001c628b06fa0, 0x000001c628b06580, 0x000001c628b0a240,
0x000001c628b0a750, 0x000001c628b0ac60, 0x000001c628b07ed0, 0x000001c628b06070,
0x000001c628b0b170, 0x000001c628b0bb90, 0x000001c628b0c5b0, 0x000001c628b0cac0,
0x000001c628b0c0a0, 0x000001c628b0cfd0, 0x000001c628b0d4e0, 0x000001c628b0d9f0,
0x000001c6261b05b0, 0x000001c6261b2920, 0x000001c6261b0ac0, 0x000001c6261af680,
0x000001c6261b0fd0, 0x000001c6261afb90, 0x000001c6261af170, 0x000001c6261b14e0,
0x000001c6261b2410, 0x000001c6261b19f0, 0x000001c6261b2e30, 0x000001c6261b1f00,
0x000001c6261b3340, 0x000001c6261b3850, 0x000001c6261b00a0, 0x000001c6261b3d60,
0x000001c6261b60d0, 0x000001c6261b4270, 0x000001c6261b4780, 0x000001c6261b4c90,
0x000001c6261b65e0, 0x000001c6261b6af0, 0x000001c6261b51a0, 0x000001c6261b56b0,
0x000001c6261b5bc0, 0x000001c62944ac90, 0x000001c62944a780, 0x000001c629449d60,
0x000001c629449340, 0x000001c629449850, 0x000001c62944b1a0, 0x000001c62944a270,
0x000001c6294479f0, 0x000001c62944b6b0, 0x000001c629447f00, 0x000001c62944bbc0,
0x000001c629448410, 0x000001c62944c0d0, 0x000001c62944caf0, 0x000001c62944d510,
0x000001c62944df30, 0x000001c62d6cfea0, 0x000001c62d6ce550, 0x000001c62d6cea60,
0x000001c62d6ce040, 0x000001c62d6d03b0, 0x000001c62d6d08c0, 0x000001c62d6cef70,
0x000001c62d6d0dd0, 0x000001c62d6cd620, 0x000001c62d6d12e0, 0x000001c62d6cf480,
0x000001c62d6cf990, 0x000001c62d6cdb30, 0x000001c62d6d3140, 0x000001c62d6d4a90,
0x000001c62d6d1d00, 0x000001c62d6d3650, 0x000001c62d6d2210, 0x000001c62d6d3b60,
0x000001c62d6d2c30, 0x000001c62d6d4070, 0x000001c62d6d4580, 0x000001c62d6d4fa0,
0x000001c62d6d17f0, 0x000001c62965a3f0, 0x000001c6296599d0, 0x000001c62965b830,
0x000001c629658fb0, 0x000001c62965bd40, 0x000001c629659ee0, 0x000001c62965a900,
0x000001c62965ae10, 0x000001c6296594c0, 0x000001c629658590, 0x000001c62965b320,
0x000001c62965c250, 0x000001c629658aa0, 0x000001c62965ead0, 0x000001c62965e5c0,
0x000001c62965efe0, 0x000001c62965fa00, 0x000001c62965f4f0, 0x000001c62965cc70,
0x000001c62965d690, 0x000001c62965ff10, 0x000001c62965dba0, 0x000001c62965e0b0,
0x000001c62965d180, 0x000001c629342990, 0x000001c629343dd0, 0x000001c6293442e0,
0x000001c629341f70, 0x000001c6293433b0, 0x000001c629341040, 0x000001c6293438c0,
0x000001c629340b30, 0x000001c629342480, 0x000001c6293447f0, 0x000001c629341550,
0x000001c629344d00, 0x000001c629345210, 0x000001c629346b60, 0x000001c629341a60,
0x000001c629346140, 0x000001c629347070, 0x000001c629345c30, 0x000001c629345720,
0x000001c629347580, 0x000001c629347fa0, 0x000001c629346650, 0x000001c629347a90,
0x000001c6293484b0, 0x000001c62c108a30, 0x000001c62c108f40, 0x000001c62c10b2b0,
0x000001c62c10bcd0, 0x000001c62c109450, 0x000001c62c10b7c0, 0x000001c62c10c1e0,
0x000001c62c109960, 0x000001c62c109e70, 0x000001c62c10a380, 0x000001c62c10a890,
0x000001c62a4aa960, 0x000001c62a4ab380, 0x000001c62a4ad1e0, 0x000001c62a4ac7c0,
0x000001c62a4a9f40, 0x000001c62a4ad6f0, 0x000001c62a4adc00, 0x000001c62a4abda0,
0x000001c62a4aa450, 0x000001c62a4ae620, 0x000001c62a4aae70, 0x000001c62a4aeb30,
0x000001c62a4ae110, 0x000001c62a4af040, 0x000001c62a4ab890, 0x000001c62a4accd0,
0x000001c62a4af550, 0x000001c62a4afa60, 0x000001c62a4ac2b0, 0x000001c62a4aff70,
0x000001c62a4b0ea0, 0x000001c62a4b18c0, 0x000001c62a4b0480, 0x000001c62a4b13b0,
0x000001c62a4b0990, 0x000001c62babc110, 0x000001c62babb6f0, 0x000001c62babe990,
0x000001c62babc620, 0x000001c62babeea0, 0x000001c62babf3b0, 0x000001c62babbc00,
0x000001c62babf8c0, 0x000001c62bac07f0, 0x000001c62babd040, 0x000001c62bac02e0,
0x000001c62babfdd0, 0x000001c62bac0d00, 0x000001c62babd550, 0x000001c62bac1210,
0x000001c62babda60, 0x000001c62bac1720, 0x000001c62bac1c30, 0x000001c62bac2140,
0x000001c62bac2650, 0x000001c62bac2b60, 0x000001c62bac3070, 0x000001c629448920,
0x000001c6068bbea0, 0x000001c62c4aedc0, 0x000001c62c4b0c20, 0x000001c62c4afcf0,
0x000001c62c4af7e0, 0x000001c62c4b0200, 0x000001c62c4ae8b0, 0x000001c62c4ae3a0,
0x000001c62c4ad980, 0x000001c62c4af2d0, 0x000001c62c4b1130, 0x000001c62c4b1640,
0x000001c62c4ade90, 0x000001c62c4b39b0, 0x000001c62c4b2060, 0x000001c62c4b3ec0,
0x000001c62c4b5300, 0x000001c628fa3de0
}

Java Threads: ( => current thread )
  0x000001c66773e8b0 JavaThread "main" [_thread_blocked, id=10264, stack(0x0000003881400000,0x0000003881500000)]
  0x000001c60630e3a0 JavaThread "Reference Handler" daemon [_thread_blocked, id=27172, stack(0x0000003881b00000,0x0000003881c00000)]
  0x000001c606797430 JavaThread "Finalizer" daemon [_thread_blocked, id=33972, stack(0x0000003881c00000,0x0000003881d00000)]
  0x000001c6067ac610 JavaThread "Signal Dispatcher" daemon [_thread_blocked, id=32304, stack(0x0000003881d00000,0x0000003881e00000)]
  0x000001c6067aec00 JavaThread "Attach Listener" daemon [_thread_blocked, id=36728, stack(0x0000003881e00000,0x0000003881f00000)]
  0x000001c6067af0e0 JavaThread "Service Thread" daemon [_thread_blocked, id=45052, stack(0x0000003881f00000,0x0000003882000000)]
  0x000001c6067b35d0 JavaThread "Monitor Deflation Thread" daemon [_thread_blocked, id=29168, stack(0x0000003882000000,0x0000003882100000)]
  0x000001c6067c2710 JavaThread "C2 CompilerThread0" daemon [_thread_blocked, id=7600, stack(0x0000003882100000,0x0000003882200000)]
  0x000001c6067c5c50 JavaThread "C1 CompilerThread0" daemon [_thread_blocked, id=13096, stack(0x0000003882200000,0x0000003882300000)]
  0x000001c6067ce160 JavaThread "Sweeper thread" daemon [_thread_blocked, id=25160, stack(0x0000003882300000,0x0000003882400000)]
  0x000001c6068bc8c0 JavaThread "Common-Cleaner" daemon [_thread_blocked, id=22408, stack(0x0000003882400000,0x0000003882500000)]
  0x000001c6068c5480 JavaThread "C1 CompilerThread1" daemon [_thread_blocked, id=33720, stack(0x0000003882500000,0x0000003882600000)]
  0x000001c6068c63c0 JavaThread "C1 CompilerThread2" daemon [_thread_blocked, id=28188, stack(0x0000003882600000,0x0000003882700000)]
  0x000001c6068bc3b0 JavaThread "Notification Thread" daemon [_thread_blocked, id=38568, stack(0x0000003882800000,0x0000003882900000)]
  0x000001c6277581f0 JavaThread "C1 CompilerThread3" daemon [_thread_blocked, id=41568, stack(0x0000003883000000,0x0000003883100000)]
  0x000001c6068bb480 JavaThread "Daemon health stats" [_thread_blocked, id=15448, stack(0x0000003882a00000,0x0000003882b00000)]
  0x000001c6068b9620 JavaThread "Incoming local TCP Connector on port 55471" [_thread_in_native, id=40196, stack(0x0000003882700000,0x0000003882800000)]
  0x000001c6068bcdd0 JavaThread "Daemon periodic checks" [_thread_blocked, id=28076, stack(0x0000003882f00000,0x0000003883000000)]
  0x000001c6068b9b30 JavaThread "Daemon" [_thread_blocked, id=40544, stack(0x0000003883200000,0x0000003883300000)]
  0x000001c6068bb990 JavaThread "Handler for socket connection from /127.0.0.1:55471 to /127.0.0.1:55472" [_thread_in_native, id=12556, stack(0x0000003883300000,0x0000003883400000)]
  0x000001c6068ba040 JavaThread "Cancel handler" [_thread_blocked, id=24336, stack(0x0000003883400000,0x0000003883500000)]
  0x000001c6068ba550 JavaThread "Daemon worker" [_thread_blocked, id=14324, stack(0x0000003883500000,0x0000003883600000)]
  0x000001c6068baa60 JavaThread "Asynchronous log dispatcher for DefaultDaemonConnection: socket connection from /127.0.0.1:55471 to /127.0.0.1:55472" [_thread_blocked, id=18120, stack(0x0000003883600000,0x0000003883700000)]
  0x000001c6068baf70 JavaThread "Stdin handler" [_thread_blocked, id=856, stack(0x0000003883700000,0x0000003883800000)]
  0x000001c628b079c0 JavaThread "Daemon client event forwarder" [_thread_blocked, id=39836, stack(0x0000003883800000,0x0000003883900000)]
  0x000001c628b083e0 JavaThread "Cache worker for journal cache (C:\Users\ditsd\.gradle\caches\journal-1)" [_thread_blocked, id=36116, stack(0x0000003883900000,0x0000003883a00000)]
  0x000001c628b09820 JavaThread "File lock request listener" [_thread_in_native, id=40920, stack(0x0000003883a00000,0x0000003883b00000)]
  0x000001c628b09310 JavaThread "Cache worker for file hash cache (C:\Users\ditsd\.gradle\caches\9.3.1\fileHashes)" [_thread_blocked, id=20636, stack(0x0000003883b00000,0x0000003883c00000)]
  0x000001c628b088f0 JavaThread "Cache worker for file hash cache (C:\Projects\RESQGo\mobile\android\.gradle\9.3.1\fileHashes)" [_thread_blocked, id=39080, stack(0x0000003884700000,0x0000003884800000)]
  0x000001c628b09d30 JavaThread "Cache worker for Build Output Cleanup Cache (C:\Projects\RESQGo\mobile\android\.gradle\buildOutputCleanup)" [_thread_blocked, id=43560, stack(0x0000003884800000,0x0000003884900000)]
  0x000001c628b08e00 JavaThread "File watcher server" daemon [_thread_in_native, id=7852, stack(0x0000003884900000,0x0000003884a00000)]
  0x000001c628b06a90 JavaThread "File watcher consumer" daemon [_thread_blocked, id=35696, stack(0x0000003884a00000,0x0000003884b00000)]
  0x000001c628b074b0 JavaThread "Cache worker for checksums cache (C:\Projects\RESQGo\mobile\android\.gradle\9.3.1\checksums)" [_thread_blocked, id=28244, stack(0x0000003884b00000,0x0000003884c00000)]
  0x000001c628b06fa0 JavaThread "Cache worker for file content cache (C:\Users\ditsd\.gradle\caches\9.3.1\fileContent)" [_thread_blocked, id=6628, stack(0x0000003884c00000,0x0000003884d00000)]
  0x000001c628b06580 JavaThread "Cache worker for cache directory md-supplier (C:\Users\ditsd\.gradle\caches\9.3.1\md-supplier)" [_thread_blocked, id=26784, stack(0x0000003884d00000,0x0000003884e00000)]
  0x000001c628b0a240 JavaThread "Cache worker for cache directory md-rule (C:\Users\ditsd\.gradle\caches\9.3.1\md-rule)" [_thread_blocked, id=43536, stack(0x0000003884e00000,0x0000003884f00000)]
  0x000001c628b0a750 JavaThread "jar transforms" [_thread_blocked, id=27756, stack(0x0000003884f00000,0x0000003885000000)]
  0x000001c628b0ac60 JavaThread "Cache worker for Build Output Cleanup Cache (C:\Projects\RESQGo\mobile\node_modules\@react-native\gradle-plugin\.gradle\buildOutputCleanup)" [_thread_blocked, id=25808, stack(0x0000003885300000,0x0000003885400000)]
  0x000001c628b07ed0 JavaThread "Unconstrained build operations" [_thread_blocked, id=36592, stack(0x0000003883100000,0x0000003883200000)]
  0x000001c628b06070 JavaThread "Unconstrained build operations Thread 2" [_thread_blocked, id=22928, stack(0x0000003883c00000,0x0000003883d00000)]
  0x000001c628b0b170 JavaThread "Unconstrained build operations Thread 3" [_thread_blocked, id=2860, stack(0x0000003885100000,0x0000003885200000)]
  0x000001c628b0bb90 JavaThread "Unconstrained build operations Thread 4" [_thread_blocked, id=10172, stack(0x0000003885400000,0x0000003885500000)]
  0x000001c628b0c5b0 JavaThread "Unconstrained build operations Thread 5" [_thread_blocked, id=9656, stack(0x0000003885500000,0x0000003885600000)]
  0x000001c628b0cac0 JavaThread "Unconstrained build operations Thread 6" [_thread_blocked, id=43284, stack(0x0000003885600000,0x0000003885700000)]
  0x000001c628b0c0a0 JavaThread "Unconstrained build operations Thread 7" [_thread_blocked, id=39096, stack(0x0000003885700000,0x0000003885800000)]
  0x000001c628b0cfd0 JavaThread "Unconstrained build operations Thread 8" [_thread_blocked, id=41096, stack(0x0000003885800000,0x0000003885900000)]
  0x000001c628b0d4e0 JavaThread "Unconstrained build operations Thread 9" [_thread_blocked, id=10460, stack(0x0000003885900000,0x0000003885a00000)]
  0x000001c628b0d9f0 JavaThread "Unconstrained build operations Thread 10" [_thread_blocked, id=40488, stack(0x0000003885a00000,0x0000003885b00000)]
  0x000001c6261b05b0 JavaThread "Unconstrained build operations Thread 11" [_thread_blocked, id=32688, stack(0x0000003885b00000,0x0000003885c00000)]
  0x000001c6261b2920 JavaThread "Unconstrained build operations Thread 12" [_thread_blocked, id=10400, stack(0x0000003885c00000,0x0000003885d00000)]
  0x000001c6261b0ac0 JavaThread "Unconstrained build operations Thread 13" [_thread_blocked, id=26020, stack(0x0000003885d00000,0x0000003885e00000)]
  0x000001c6261af680 JavaThread "Unconstrained build operations Thread 14" [_thread_blocked, id=44900, stack(0x0000003885e00000,0x0000003885f00000)]
  0x000001c6261b0fd0 JavaThread "Unconstrained build operations Thread 15" [_thread_blocked, id=26816, stack(0x0000003885f00000,0x0000003886000000)]
  0x000001c6261afb90 JavaThread "Unconstrained build operations Thread 16" [_thread_blocked, id=12492, stack(0x0000003886000000,0x0000003886100000)]
  0x000001c6261af170 JavaThread "Unconstrained build operations Thread 17" [_thread_blocked, id=23980, stack(0x0000003886100000,0x0000003886200000)]
  0x000001c6261b14e0 JavaThread "Unconstrained build operations Thread 18" [_thread_blocked, id=30344, stack(0x0000003886200000,0x0000003886300000)]
  0x000001c6261b2410 JavaThread "Unconstrained build operations Thread 19" [_thread_blocked, id=33596, stack(0x0000003886300000,0x0000003886400000)]
  0x000001c6261b19f0 JavaThread "Unconstrained build operations Thread 20" [_thread_blocked, id=34704, stack(0x0000003886400000,0x0000003886500000)]
  0x000001c6261b2e30 JavaThread "Unconstrained build operations Thread 21" [_thread_blocked, id=37568, stack(0x0000003886500000,0x0000003886600000)]
  0x000001c6261b1f00 JavaThread "Unconstrained build operations Thread 22" [_thread_blocked, id=40472, stack(0x0000003886600000,0x0000003886700000)]
  0x000001c6261b3340 JavaThread "Unconstrained build operations Thread 23" [_thread_blocked, id=38724, stack(0x0000003886700000,0x0000003886800000)]
  0x000001c6261b3850 JavaThread "Unconstrained build operations Thread 24" [_thread_blocked, id=28172, stack(0x0000003886800000,0x0000003886900000)]
  0x000001c6261b00a0 JavaThread "Unconstrained build operations Thread 25" [_thread_blocked, id=20712, stack(0x0000003886900000,0x0000003886a00000)]
  0x000001c6261b3d60 JavaThread "Unconstrained build operations Thread 26" [_thread_blocked, id=16536, stack(0x0000003886a00000,0x0000003886b00000)]
  0x000001c6261b60d0 JavaThread "Unconstrained build operations Thread 27" [_thread_blocked, id=16244, stack(0x0000003886b00000,0x0000003886c00000)]
  0x000001c6261b4270 JavaThread "Unconstrained build operations Thread 28" [_thread_blocked, id=33252, stack(0x0000003886c00000,0x0000003886d00000)]
  0x000001c6261b4780 JavaThread "Unconstrained build operations Thread 29" [_thread_blocked, id=41008, stack(0x0000003886d00000,0x0000003886e00000)]
  0x000001c6261b4c90 JavaThread "Unconstrained build operations Thread 30" [_thread_blocked, id=23928, stack(0x0000003886e00000,0x0000003886f00000)]
  0x000001c6261b65e0 JavaThread "Unconstrained build operations Thread 31" [_thread_blocked, id=42256, stack(0x0000003886f00000,0x0000003887000000)]
  0x000001c6261b6af0 JavaThread "Unconstrained build operations Thread 32" [_thread_blocked, id=11892, stack(0x0000003887000000,0x0000003887100000)]
  0x000001c6261b51a0 JavaThread "Unconstrained build operations Thread 33" [_thread_blocked, id=37680, stack(0x0000003887100000,0x0000003887200000)]
  0x000001c6261b56b0 JavaThread "Unconstrained build operations Thread 34" [_thread_blocked, id=44408, stack(0x0000003887200000,0x0000003887300000)]
  0x000001c6261b5bc0 JavaThread "Unconstrained build operations Thread 35" [_thread_blocked, id=11468, stack(0x0000003887300000,0x0000003887400000)]
  0x000001c62944ac90 JavaThread "Unconstrained build operations Thread 36" [_thread_blocked, id=43584, stack(0x0000003887400000,0x0000003887500000)]
  0x000001c62944a780 JavaThread "Unconstrained build operations Thread 37" [_thread_blocked, id=36528, stack(0x0000003887500000,0x0000003887600000)]
  0x000001c629449d60 JavaThread "Unconstrained build operations Thread 38" [_thread_blocked, id=39196, stack(0x0000003887600000,0x0000003887700000)]
  0x000001c629449340 JavaThread "Unconstrained build operations Thread 39" [_thread_blocked, id=39604, stack(0x0000003887700000,0x0000003887800000)]
  0x000001c629449850 JavaThread "Unconstrained build operations Thread 40" [_thread_blocked, id=37364, stack(0x0000003887800000,0x0000003887900000)]
  0x000001c62944b1a0 JavaThread "Unconstrained build operations Thread 41" [_thread_blocked, id=32672, stack(0x0000003887900000,0x0000003887a00000)]
  0x000001c62944a270 JavaThread "Unconstrained build operations Thread 42" [_thread_blocked, id=30264, stack(0x0000003887a00000,0x0000003887b00000)]
  0x000001c6294479f0 JavaThread "Unconstrained build operations Thread 43" [_thread_blocked, id=28212, stack(0x0000003887b00000,0x0000003887c00000)]
  0x000001c62944b6b0 JavaThread "Unconstrained build operations Thread 44" [_thread_blocked, id=32308, stack(0x0000003887c00000,0x0000003887d00000)]
  0x000001c629447f00 JavaThread "Unconstrained build operations Thread 45" [_thread_blocked, id=17860, stack(0x0000003887d00000,0x0000003887e00000)]
  0x000001c62944bbc0 JavaThread "Unconstrained build operations Thread 46" [_thread_blocked, id=28636, stack(0x0000003887e00000,0x0000003887f00000)]
  0x000001c629448410 JavaThread "Unconstrained build operations Thread 47" [_thread_blocked, id=27420, stack(0x0000003887f00000,0x0000003888000000)]
  0x000001c62944c0d0 JavaThread "Unconstrained build operations Thread 48" [_thread_blocked, id=31064, stack(0x0000003888000000,0x0000003888100000)]
  0x000001c62944caf0 JavaThread "build event listener" [_thread_blocked, id=10188, stack(0x0000003888300000,0x0000003888400000)]
  0x000001c62944d510 JavaThread "Memory manager" [_thread_blocked, id=25956, stack(0x0000003888100000,0x0000003888200000)]
  0x000001c62944df30 JavaThread "Problems report writer" [_thread_blocked, id=22504, stack(0x0000003888400000,0x0000003888500000)]
  0x000001c62d6cfea0 JavaThread "ForkJoinPool.commonPool-worker-1" daemon [_thread_blocked, id=16528, stack(0x0000003888500000,0x0000003888600000)]
  0x000001c62d6ce550 JavaThread "ForkJoinPool.commonPool-worker-2" daemon [_thread_blocked, id=5412, stack(0x0000003888600000,0x0000003888700000)]
  0x000001c62d6cea60 JavaThread "ForkJoinPool.commonPool-worker-3" daemon [_thread_blocked, id=14644, stack(0x0000003888700000,0x0000003888800000)]
  0x000001c62d6ce040 JavaThread "ForkJoinPool.commonPool-worker-4" daemon [_thread_blocked, id=41068, stack(0x0000003888800000,0x0000003888900000)]
  0x000001c62d6d03b0 JavaThread "ForkJoinPool.commonPool-worker-5" daemon [_thread_blocked, id=31428, stack(0x0000003888900000,0x0000003888a00000)]
  0x000001c62d6d08c0 JavaThread "ForkJoinPool.commonPool-worker-6" daemon [_thread_blocked, id=33140, stack(0x0000003888a00000,0x0000003888b00000)]
  0x000001c62d6cef70 JavaThread "ForkJoinPool.commonPool-worker-7" daemon [_thread_blocked, id=31908, stack(0x0000003888b00000,0x0000003888c00000)]
  0x000001c62d6d0dd0 JavaThread "ForkJoinPool.commonPool-worker-8" daemon [_thread_blocked, id=31972, stack(0x0000003888c00000,0x0000003888d00000)]
  0x000001c62d6cd620 JavaThread "ForkJoinPool.commonPool-worker-9" daemon [_thread_blocked, id=26184, stack(0x0000003888d00000,0x0000003888e00000)]
  0x000001c62d6d12e0 JavaThread "ForkJoinPool.commonPool-worker-10" daemon [_thread_blocked, id=32368, stack(0x0000003888e00000,0x0000003888f00000)]
  0x000001c62d6cf480 JavaThread "ForkJoinPool.commonPool-worker-11" daemon [_thread_blocked, id=41116, stack(0x0000003888f00000,0x0000003889000000)]
  0x000001c62d6cf990 JavaThread "Exec process" [_thread_blocked, id=42424, stack(0x0000003889000000,0x0000003889100000)]
  0x000001c62d6cdb30 JavaThread "Exec process Thread 2" [_thread_blocked, id=44192, stack(0x0000003889100000,0x0000003889200000)]
  0x000001c62d6d3140 JavaThread "Exec process Thread 3" [_thread_blocked, id=29132, stack(0x0000003889200000,0x0000003889300000)]
  0x000001c62d6d4a90 JavaThread "included builds" [_thread_blocked, id=748, stack(0x0000003889400000,0x0000003889500000)]
  0x000001c62d6d1d00 JavaThread "Execution worker" [_thread_blocked, id=43564, stack(0x0000003889500000,0x0000003889600000)]
  0x000001c62d6d3650 JavaThread "Execution worker Thread 2" [_thread_blocked, id=38960, stack(0x0000003889600000,0x0000003889700000)]
  0x000001c62d6d2210 JavaThread "Execution worker Thread 3" [_thread_blocked, id=7080, stack(0x0000003889700000,0x0000003889800000)]
  0x000001c62d6d3b60 JavaThread "Execution worker Thread 4" [_thread_blocked, id=28064, stack(0x0000003889800000,0x0000003889900000)]
  0x000001c62d6d2c30 JavaThread "Execution worker Thread 5" [_thread_blocked, id=1720, stack(0x0000003889900000,0x0000003889a00000)]
  0x000001c62d6d4070 JavaThread "Execution worker Thread 6" [_thread_blocked, id=43788, stack(0x0000003889a00000,0x0000003889b00000)]
  0x000001c62d6d4580 JavaThread "Execution worker Thread 7" [_thread_blocked, id=13996, stack(0x0000003889b00000,0x0000003889c00000)]
  0x000001c62d6d4fa0 JavaThread "Execution worker Thread 8" [_thread_blocked, id=33336, stack(0x0000003889c00000,0x0000003889d00000)]
  0x000001c62d6d17f0 JavaThread "Execution worker Thread 9" [_thread_blocked, id=18584, stack(0x0000003889d00000,0x0000003889e00000)]
  0x000001c62965a3f0 JavaThread "Execution worker Thread 10" [_thread_blocked, id=11148, stack(0x0000003889e00000,0x0000003889f00000)]
  0x000001c6296599d0 JavaThread "Execution worker Thread 11" [_thread_blocked, id=21956, stack(0x0000003889f00000,0x000000388a000000)]
  0x000001c62965b830 JavaThread "Execution worker Thread 12" [_thread_blocked, id=38916, stack(0x000000388a000000,0x000000388a100000)]
  0x000001c629658fb0 JavaThread "Execution worker Thread 13" [_thread_blocked, id=42760, stack(0x000000388a100000,0x000000388a200000)]
  0x000001c62965bd40 JavaThread "Execution worker Thread 14" [_thread_blocked, id=34020, stack(0x000000388a200000,0x000000388a300000)]
  0x000001c629659ee0 JavaThread "Execution worker Thread 15" [_thread_blocked, id=21260, stack(0x000000388a300000,0x000000388a400000)]
  0x000001c62965a900 JavaThread "Cache worker for execution history cache (C:\Projects\RESQGo\mobile\node_modules\@react-native\gradle-plugin\.gradle\9.3.1\executionHistory)" [_thread_blocked, id=34584, stack(0x000000388a400000,0x000000388a500000)]
  0x000001c62965ae10 JavaThread "Unconstrained build operations Thread 49" [_thread_blocked, id=41868, stack(0x000000388a500000,0x000000388a600000)]
  0x000001c6296594c0 JavaThread "Unconstrained build operations Thread 50" [_thread_blocked, id=41340, stack(0x000000388a600000,0x000000388a700000)]
  0x000001c629658590 JavaThread "Unconstrained build operations Thread 51" [_thread_blocked, id=18408, stack(0x000000388a700000,0x000000388a800000)]
  0x000001c62965b320 JavaThread "Unconstrained build operations Thread 52" [_thread_blocked, id=3300, stack(0x000000388a800000,0x000000388a900000)]
  0x000001c62965c250 JavaThread "Unconstrained build operations Thread 53" [_thread_blocked, id=7724, stack(0x000000388a900000,0x000000388aa00000)]
  0x000001c629658aa0 JavaThread "Unconstrained build operations Thread 54" [_thread_blocked, id=31648, stack(0x000000388aa00000,0x000000388ab00000)]
  0x000001c62965ead0 JavaThread "Unconstrained build operations Thread 55" [_thread_blocked, id=44888, stack(0x000000388ab00000,0x000000388ac00000)]
  0x000001c62965e5c0 JavaThread "Unconstrained build operations Thread 56" [_thread_blocked, id=9772, stack(0x000000388ac00000,0x000000388ad00000)]
  0x000001c62965efe0 JavaThread "Unconstrained build operations Thread 57" [_thread_blocked, id=22652, stack(0x000000388ad00000,0x000000388ae00000)]
  0x000001c62965fa00 JavaThread "Unconstrained build operations Thread 58" [_thread_blocked, id=23608, stack(0x000000388ae00000,0x000000388af00000)]
  0x000001c62965f4f0 JavaThread "Unconstrained build operations Thread 59" [_thread_blocked, id=8400, stack(0x000000388af00000,0x000000388b000000)]
  0x000001c62965cc70 JavaThread "Unconstrained build operations Thread 60" [_thread_blocked, id=28984, stack(0x000000388b000000,0x000000388b100000)]
  0x000001c62965d690 JavaThread "Unconstrained build operations Thread 61" [_thread_blocked, id=32436, stack(0x000000388b100000,0x000000388b200000)]
  0x000001c62965ff10 JavaThread "Unconstrained build operations Thread 62" [_thread_blocked, id=23468, stack(0x000000388b200000,0x000000388b300000)]
  0x000001c62965dba0 JavaThread "Unconstrained build operations Thread 63" [_thread_blocked, id=15100, stack(0x000000388b300000,0x000000388b400000)]
  0x000001c62965e0b0 JavaThread "Unconstrained build operations Thread 64" [_thread_blocked, id=12356, stack(0x000000388b400000,0x000000388b500000)]
  0x000001c62965d180 JavaThread "Unconstrained build operations Thread 65" [_thread_blocked, id=40968, stack(0x000000388b500000,0x000000388b600000)]
  0x000001c629342990 JavaThread "Unconstrained build operations Thread 66" [_thread_blocked, id=30688, stack(0x000000388b600000,0x000000388b700000)]
  0x000001c629343dd0 JavaThread "Unconstrained build operations Thread 67" [_thread_blocked, id=11456, stack(0x000000388b700000,0x000000388b800000)]
  0x000001c6293442e0 JavaThread "Unconstrained build operations Thread 68" [_thread_blocked, id=20496, stack(0x000000388b800000,0x000000388b900000)]
  0x000001c629341f70 JavaThread "Unconstrained build operations Thread 69" [_thread_blocked, id=29860, stack(0x000000388b900000,0x000000388ba00000)]
  0x000001c6293433b0 JavaThread "Unconstrained build operations Thread 70" [_thread_blocked, id=41816, stack(0x000000388ba00000,0x000000388bb00000)]
  0x000001c629341040 JavaThread "Unconstrained build operations Thread 71" [_thread_blocked, id=6732, stack(0x000000388bb00000,0x000000388bc00000)]
  0x000001c6293438c0 JavaThread "Unconstrained build operations Thread 72" [_thread_blocked, id=21876, stack(0x000000388bc00000,0x000000388bd00000)]
  0x000001c629340b30 JavaThread "Unconstrained build operations Thread 73" [_thread_blocked, id=30896, stack(0x000000388bd00000,0x000000388be00000)]
  0x000001c629342480 JavaThread "Unconstrained build operations Thread 74" [_thread_blocked, id=21224, stack(0x000000388be00000,0x000000388bf00000)]
  0x000001c6293447f0 JavaThread "Unconstrained build operations Thread 75" [_thread_blocked, id=6944, stack(0x000000388bf00000,0x000000388c000000)]
  0x000001c629341550 JavaThread "Unconstrained build operations Thread 76" [_thread_blocked, id=29556, stack(0x000000388c000000,0x000000388c100000)]
  0x000001c629344d00 JavaThread "Unconstrained build operations Thread 77" [_thread_blocked, id=42520, stack(0x000000388c100000,0x000000388c200000)]
  0x000001c629345210 JavaThread "Unconstrained build operations Thread 78" [_thread_blocked, id=3624, stack(0x000000388c200000,0x000000388c300000)]
  0x000001c629346b60 JavaThread "Unconstrained build operations Thread 79" [_thread_blocked, id=43632, stack(0x000000388c300000,0x000000388c400000)]
  0x000001c629341a60 JavaThread "Unconstrained build operations Thread 80" [_thread_blocked, id=33884, stack(0x000000388c400000,0x000000388c500000)]
  0x000001c629346140 JavaThread "Unconstrained build operations Thread 81" [_thread_blocked, id=41120, stack(0x000000388c500000,0x000000388c600000)]
  0x000001c629347070 JavaThread "Unconstrained build operations Thread 82" [_thread_blocked, id=34432, stack(0x000000388c600000,0x000000388c700000)]
  0x000001c629345c30 JavaThread "Unconstrained build operations Thread 83" [_thread_blocked, id=10864, stack(0x000000388c700000,0x000000388c800000)]
  0x000001c629345720 JavaThread "Unconstrained build operations Thread 84" [_thread_blocked, id=31028, stack(0x000000388c800000,0x000000388c900000)]
  0x000001c629347580 JavaThread "Unconstrained build operations Thread 85" [_thread_blocked, id=11112, stack(0x000000388c900000,0x000000388ca00000)]
  0x000001c629347fa0 JavaThread "Unconstrained build operations Thread 86" [_thread_blocked, id=4792, stack(0x000000388ca00000,0x000000388cb00000)]
  0x000001c629346650 JavaThread "Unconstrained build operations Thread 87" [_thread_blocked, id=31252, stack(0x000000388cb00000,0x000000388cc00000)]
  0x000001c629347a90 JavaThread "Unconstrained build operations Thread 88" [_thread_blocked, id=24596, stack(0x000000388cc00000,0x000000388cd00000)]
  0x000001c6293484b0 JavaThread "Unconstrained build operations Thread 89" [_thread_blocked, id=40928, stack(0x000000388cd00000,0x000000388ce00000)]
  0x000001c62c108a30 JavaThread "Unconstrained build operations Thread 90" [_thread_blocked, id=3844, stack(0x000000388ce00000,0x000000388cf00000)]
  0x000001c62c108f40 JavaThread "Unconstrained build operations Thread 91" [_thread_blocked, id=9400, stack(0x000000388cf00000,0x000000388d000000)]
  0x000001c62c10b2b0 JavaThread "Unconstrained build operations Thread 92" [_thread_blocked, id=15144, stack(0x000000388d000000,0x000000388d100000)]
  0x000001c62c10bcd0 JavaThread "Unconstrained build operations Thread 93" [_thread_blocked, id=27312, stack(0x000000388d100000,0x000000388d200000)]
  0x000001c62c109450 JavaThread "Unconstrained build operations Thread 94" [_thread_blocked, id=42708, stack(0x000000388d200000,0x000000388d300000)]
  0x000001c62c10b7c0 JavaThread "Unconstrained build operations Thread 95" [_thread_blocked, id=24452, stack(0x000000388d300000,0x000000388d400000)]
  0x000001c62c10c1e0 JavaThread "Unconstrained build operations Thread 96" [_thread_blocked, id=42244, stack(0x000000388d400000,0x000000388d500000)]
  0x000001c62c109960 JavaThread "Unconstrained build operations Thread 97" [_thread_blocked, id=13948, stack(0x000000388d500000,0x000000388d600000)]
  0x000001c62c109e70 JavaThread "Unconstrained build operations Thread 98" [_thread_blocked, id=10152, stack(0x000000388d600000,0x000000388d700000)]
  0x000001c62c10a380 JavaThread "Unconstrained build operations Thread 99" [_thread_blocked, id=25460, stack(0x000000388d700000,0x000000388d800000)]
  0x000001c62c10a890 JavaThread "Unconstrained build operations Thread 100" [_thread_blocked, id=14812, stack(0x000000388d800000,0x000000388d900000)]
  0x000001c62a4aa960 JavaThread "Unconstrained build operations Thread 101" [_thread_blocked, id=27528, stack(0x000000388d900000,0x000000388da00000)]
  0x000001c62a4ab380 JavaThread "Unconstrained build operations Thread 102" [_thread_blocked, id=32504, stack(0x000000388da00000,0x000000388db00000)]
  0x000001c62a4ad1e0 JavaThread "Unconstrained build operations Thread 103" [_thread_blocked, id=21960, stack(0x000000388db00000,0x000000388dc00000)]
  0x000001c62a4ac7c0 JavaThread "Unconstrained build operations Thread 104" [_thread_blocked, id=9660, stack(0x000000388dc00000,0x000000388dd00000)]
  0x000001c62a4a9f40 JavaThread "Unconstrained build operations Thread 105" [_thread_blocked, id=15128, stack(0x000000388dd00000,0x000000388de00000)]
  0x000001c62a4ad6f0 JavaThread "Unconstrained build operations Thread 106" [_thread_blocked, id=30300, stack(0x000000388de00000,0x000000388df00000)]
  0x000001c62a4adc00 JavaThread "Unconstrained build operations Thread 107" [_thread_blocked, id=40688, stack(0x000000388df00000,0x000000388e000000)]
  0x000001c62a4abda0 JavaThread "Unconstrained build operations Thread 108" [_thread_blocked, id=44364, stack(0x000000388e000000,0x000000388e100000)]
  0x000001c62a4aa450 JavaThread "Unconstrained build operations Thread 109" [_thread_blocked, id=11904, stack(0x000000388e100000,0x000000388e200000)]
  0x000001c62a4ae620 JavaThread "Unconstrained build operations Thread 110" [_thread_blocked, id=19976, stack(0x000000388e200000,0x000000388e300000)]
  0x000001c62a4aae70 JavaThread "Unconstrained build operations Thread 111" [_thread_blocked, id=1288, stack(0x000000388e300000,0x000000388e400000)]
  0x000001c62a4aeb30 JavaThread "Unconstrained build operations Thread 112" [_thread_blocked, id=18320, stack(0x000000388e400000,0x000000388e500000)]
  0x000001c62a4ae110 JavaThread "Unconstrained build operations Thread 113" [_thread_blocked, id=17156, stack(0x000000388e500000,0x000000388e600000)]
  0x000001c62a4af040 JavaThread "Unconstrained build operations Thread 114" [_thread_blocked, id=38280, stack(0x000000388e600000,0x000000388e700000)]
  0x000001c62a4ab890 JavaThread "Unconstrained build operations Thread 115" [_thread_blocked, id=19268, stack(0x000000388e700000,0x000000388e800000)]
  0x000001c62a4accd0 JavaThread "Unconstrained build operations Thread 116" [_thread_blocked, id=30968, stack(0x000000388e800000,0x000000388e900000)]
  0x000001c62a4af550 JavaThread "Unconstrained build operations Thread 117" [_thread_blocked, id=11016, stack(0x000000388e900000,0x000000388ea00000)]
  0x000001c62a4afa60 JavaThread "Unconstrained build operations Thread 118" [_thread_blocked, id=8900, stack(0x000000388ea00000,0x000000388eb00000)]
  0x000001c62a4ac2b0 JavaThread "Unconstrained build operations Thread 119" [_thread_blocked, id=33464, stack(0x000000388eb00000,0x000000388ec00000)]
  0x000001c62a4aff70 JavaThread "Unconstrained build operations Thread 120" [_thread_blocked, id=34592, stack(0x000000388ec00000,0x000000388ed00000)]
  0x000001c62a4b0ea0 JavaThread "Unconstrained build operations Thread 121" [_thread_blocked, id=23984, stack(0x000000388ed00000,0x000000388ee00000)]
  0x000001c62a4b18c0 JavaThread "Unconstrained build operations Thread 122" [_thread_blocked, id=28632, stack(0x000000388ee00000,0x000000388ef00000)]
  0x000001c62a4b0480 JavaThread "Unconstrained build operations Thread 123" [_thread_blocked, id=21708, stack(0x000000388ef00000,0x000000388f000000)]
  0x000001c62a4b13b0 JavaThread "Unconstrained build operations Thread 124" [_thread_blocked, id=20444, stack(0x000000388f000000,0x000000388f100000)]
  0x000001c62a4b0990 JavaThread "Unconstrained build operations Thread 125" [_thread_blocked, id=16444, stack(0x000000388f100000,0x000000388f200000)]
  0x000001c62babc110 JavaThread "jar transforms Thread 2" [_thread_blocked, id=35248, stack(0x000000388f200000,0x000000388f300000)]
  0x000001c62babb6f0 JavaThread "jar transforms Thread 3" [_thread_blocked, id=18080, stack(0x0000003888200000,0x0000003888300000)]
  0x000001c62babe990 JavaThread "Unconstrained build operations Thread 126" [_thread_blocked, id=35976, stack(0x0000003889300000,0x0000003889400000)]
  0x000001c62babc620 JavaThread "Unconstrained build operations Thread 127" [_thread_blocked, id=37276, stack(0x000000388f300000,0x000000388f400000)]
  0x000001c62babeea0 JavaThread "Unconstrained build operations Thread 128" [_thread_blocked, id=32188, stack(0x000000388f400000,0x000000388f500000)]
  0x000001c62babf3b0 JavaThread "Unconstrained build operations Thread 129" [_thread_blocked, id=40252, stack(0x000000388f500000,0x000000388f600000)]
  0x000001c62babbc00 JavaThread "Unconstrained build operations Thread 130" [_thread_blocked, id=20324, stack(0x000000388f600000,0x000000388f700000)]
  0x000001c62babf8c0 JavaThread "Unconstrained build operations Thread 131" [_thread_blocked, id=26404, stack(0x000000388f700000,0x000000388f800000)]
  0x000001c62bac07f0 JavaThread "Unconstrained build operations Thread 132" [_thread_blocked, id=27044, stack(0x000000388f800000,0x000000388f900000)]
  0x000001c62babd040 JavaThread "Unconstrained build operations Thread 133" [_thread_blocked, id=33824, stack(0x000000388f900000,0x000000388fa00000)]
  0x000001c62bac02e0 JavaThread "Unconstrained build operations Thread 134" [_thread_blocked, id=34672, stack(0x000000388fa00000,0x000000388fb00000)]
  0x000001c62babfdd0 JavaThread "Unconstrained build operations Thread 135" [_thread_blocked, id=7400, stack(0x000000388fb00000,0x000000388fc00000)]
  0x000001c62bac0d00 JavaThread "Unconstrained build operations Thread 136" [_thread_blocked, id=4648, stack(0x000000388fc00000,0x000000388fd00000)]
  0x000001c62babd550 JavaThread "Unconstrained build operations Thread 137" [_thread_blocked, id=42092, stack(0x000000388fd00000,0x000000388fe00000)]
  0x000001c62bac1210 JavaThread "Unconstrained build operations Thread 138" [_thread_blocked, id=15188, stack(0x000000388fe00000,0x000000388ff00000)]
  0x000001c62babda60 JavaThread "Unconstrained build operations Thread 139" [_thread_blocked, id=41604, stack(0x000000388ff00000,0x0000003890000000)]
  0x000001c62bac1720 JavaThread "Unconstrained build operations Thread 140" [_thread_blocked, id=21828, stack(0x0000003890000000,0x0000003890100000)]
  0x000001c62bac1c30 JavaThread "Unconstrained build operations Thread 141" [_thread_blocked, id=40644, stack(0x0000003890100000,0x0000003890200000)]
  0x000001c62bac2140 JavaThread "Unconstrained build operations Thread 142" [_thread_blocked, id=36904, stack(0x0000003890200000,0x0000003890300000)]
  0x000001c62bac2650 JavaThread "Unconstrained build operations Thread 143" [_thread_blocked, id=31216, stack(0x0000003890300000,0x0000003890400000)]
  0x000001c62bac2b60 JavaThread "Unconstrained build operations Thread 144" [_thread_blocked, id=36492, stack(0x0000003890400000,0x0000003890500000)]
  0x000001c62bac3070 JavaThread "Unconstrained build operations Thread 145" [_thread_blocked, id=14592, stack(0x0000003890500000,0x0000003890600000)]
  0x000001c629448920 JavaThread "Unconstrained build operations Thread 146" [_thread_blocked, id=27608, stack(0x0000003890600000,0x0000003890700000)]
  0x000001c6068bbea0 JavaThread "Unconstrained build operations Thread 147" [_thread_blocked, id=44324, stack(0x0000003890700000,0x0000003890800000)]
  0x000001c62c4aedc0 JavaThread "Unconstrained build operations Thread 148" [_thread_blocked, id=34344, stack(0x0000003890800000,0x0000003890900000)]
  0x000001c62c4b0c20 JavaThread "Unconstrained build operations Thread 149" [_thread_blocked, id=9096, stack(0x0000003890900000,0x0000003890a00000)]
  0x000001c62c4afcf0 JavaThread "Unconstrained build operations Thread 150" [_thread_blocked, id=11632, stack(0x0000003890a00000,0x0000003890b00000)]
  0x000001c62c4af7e0 JavaThread "Unconstrained build operations Thread 151" [_thread_blocked, id=27916, stack(0x0000003890b00000,0x0000003890c00000)]
  0x000001c62c4b0200 JavaThread "Unconstrained build operations Thread 152" [_thread_blocked, id=42696, stack(0x0000003890c00000,0x0000003890d00000)]
  0x000001c62c4ae8b0 JavaThread "Unconstrained build operations Thread 153" [_thread_blocked, id=21108, stack(0x0000003890d00000,0x0000003890e00000)]
  0x000001c62c4ae3a0 JavaThread "Unconstrained build operations Thread 154" [_thread_blocked, id=14388, stack(0x0000003890e00000,0x0000003890f00000)]
  0x000001c62c4ad980 JavaThread "Unconstrained build operations Thread 155" [_thread_blocked, id=41100, stack(0x0000003890f00000,0x0000003891000000)]
  0x000001c62c4af2d0 JavaThread "Unconstrained build operations Thread 156" [_thread_blocked, id=33692, stack(0x0000003891200000,0x0000003891300000)]
  0x000001c62c4b1130 JavaThread "Unconstrained build operations Thread 157" [_thread_blocked, id=37144, stack(0x0000003891300000,0x0000003891400000)]
  0x000001c62c4b1640 JavaThread "Unconstrained build operations Thread 158" [_thread_blocked, id=37976, stack(0x0000003891400000,0x0000003891500000)]
  0x000001c62c4ade90 JavaThread "Unconstrained build operations Thread 159" [_thread_blocked, id=29532, stack(0x0000003891500000,0x0000003891600000)]
  0x000001c62c4b39b0 JavaThread "Unconstrained build operations Thread 160" [_thread_blocked, id=15244, stack(0x0000003891600000,0x0000003891700000)]
  0x000001c62c4b2060 JavaThread "jar transforms Thread 4" [_thread_blocked, id=32692, stack(0x0000003891700000,0x0000003891800000)]
  0x000001c62c4b3ec0 JavaThread "jar transforms Thread 5" [_thread_blocked, id=2804, stack(0x0000003891800000,0x0000003891900000)]
  0x000001c62c4b5300 JavaThread "jar transforms Thread 6" [_thread_blocked, id=28156, stack(0x0000003891900000,0x0000003891a00000)]
  0x000001c628fa3de0 JavaThread "C2 CompilerThread1" daemon [_thread_blocked, id=29096, stack(0x0000003885200000,0x0000003885300000)]

Other Threads:
=>0x000001c60630b2c0 VMThread "VM Thread" [stack: 0x0000003881a00000,0x0000003881b00000] [id=26556]
  0x000001c66773f640 WatcherThread [stack: 0x0000003882900000,0x0000003882a00000] [id=8652]
  0x000001c66779e5d0 GCTaskThread "GC Thread#0" [stack: 0x0000003881500000,0x0000003881600000] [id=42456]
  0x000001c62624a8b0 GCTaskThread "GC Thread#1" [stack: 0x0000003882b00000,0x0000003882c00000] [id=43852]
  0x000001c62624ab70 GCTaskThread "GC Thread#2" [stack: 0x0000003882c00000,0x0000003882d00000] [id=18504]
  0x000001c6261ce730 GCTaskThread "GC Thread#3" [stack: 0x0000003882d00000,0x0000003882e00000] [id=31676]
  0x000001c6261ce9f0 GCTaskThread "GC Thread#4" [stack: 0x0000003882e00000,0x0000003882f00000] [id=31396]
  0x000001c629055360 GCTaskThread "GC Thread#5" [stack: 0x0000003883d00000,0x0000003883e00000] [id=21168]
  0x000001c6286677c0 GCTaskThread "GC Thread#6" [stack: 0x0000003883e00000,0x0000003883f00000] [id=39340]
  0x000001c628a9db90 GCTaskThread "GC Thread#7" [stack: 0x0000003883f00000,0x0000003884000000] [id=29624]
  0x000001c629054070 GCTaskThread "GC Thread#8" [stack: 0x0000003884000000,0x0000003884100000] [id=27688]
  0x000001c6292f0310 GCTaskThread "GC Thread#9" [stack: 0x0000003884100000,0x0000003884200000] [id=2660]
  0x000001c629636210 GCTaskThread "GC Thread#10" [stack: 0x0000003884200000,0x0000003884300000] [id=34356]
  0x000001c629234da0 GCTaskThread "GC Thread#11" [stack: 0x0000003884300000,0x0000003884400000] [id=15248]
  0x000001c6295f68d0 GCTaskThread "GC Thread#12" [stack: 0x0000003884400000,0x0000003884500000] [id=34500]
  0x000001c6677af430 ConcurrentGCThread "G1 Main Marker" [stack: 0x0000003881600000,0x0000003881700000] [id=764]
  0x000001c6677b1a40 ConcurrentGCThread "G1 Conc#0" [stack: 0x0000003881700000,0x0000003881800000] [id=42324]
  0x000001c628fd6ee0 ConcurrentGCThread "G1 Conc#1" [stack: 0x0000003884500000,0x0000003884600000] [id=10364]
  0x000001c628fd7720 ConcurrentGCThread "G1 Conc#2" [stack: 0x0000003884600000,0x0000003884700000] [id=34284]
  0x000001c6061c7110 ConcurrentGCThread "G1 Refine#0" [stack: 0x0000003881800000,0x0000003881900000] [id=2632]
  0x000001c6061c7500 ConcurrentGCThread "G1 Service" [stack: 0x0000003881900000,0x0000003881a00000] [id=464]

Threads with active compile tasks:
C2 CompilerThread0    25075 13240       4       org.gradle.internal.instantiation.generator.AbstractClassGenerator$PropertyMetadata::hasAnnotation (14 bytes)
C2 CompilerThread1    25075 13372       4       org.gradle.internal.instantiation.generator.AbstractClassGenerator$PropertyMetadata::findAnnotation (22 bytes)

VM state: at safepoint (normal execution)

VM Mutex/Monitor currently owned by a thread:  ([mutex/lock_event])
[0x000001c665417f30] Threads_lock - owner thread: 0x000001c60630b2c0
[0x000001c66773c390] Heap_lock - owner thread: 0x000001c6068ba550

Heap address: 0x0000000080000000, size: 2048 MB, Compressed Oops mode: 32-bit

CDS archive(s) mapped at: [0x000001c607000000-0x000001c607bb0000-0x000001c607bb0000), size 12255232, SharedBaseAddress: 0x000001c607000000, ArchiveRelocationMode: 1.
Compressed class space mapped at: 0x000001c608000000-0x000001c622000000, reserved size: 436207616
Narrow klass base: 0x000001c607000000, Narrow klass shift: 0, Narrow klass range: 0x100000000

GC Precious Log:
 CPUs: 16 total, 16 available
 Memory: 15182M
 Large Page Support: Disabled
 NUMA Support: Disabled
 Compressed Oops: Enabled (32-bit)
 Heap Region Size: 1M
 Heap Min Capacity: 8M
 Heap Initial Capacity: 238M
 Heap Max Capacity: 2G
 Pre-touch: Disabled
 Parallel Workers: 13
 Concurrent Workers: 3
 Concurrent Refinement Workers: 13
 Periodic GC: Disabled

Heap:
 garbage-first heap   total 243712K, used 112312K [0x0000000080000000, 0x0000000100000000)
  region size 1024K, 3 young (3072K), 3 survivors (3072K)
 Metaspace       used 91077K, committed 92224K, reserved 557056K
  class space    used 12643K, committed 13184K, reserved 425984K

Heap Regions: E=young(eden), S=young(survivor), O=old, HS=humongous(starts), HC=humongous(continues), CS=collection set, F=free, OA=open archive, CA=closed archive, TAMS=top-at-mark-start (previous, next)
|   0|0x0000000080000000, 0x0000000080100000, 0x0000000080100000|100%|HS|  |TAMS 0x0000000080100000, 0x0000000080000000| Complete 
|   1|0x0000000080100000, 0x0000000080200000, 0x0000000080200000|100%|HC|  |TAMS 0x0000000080200000, 0x0000000080100000| Complete 
|   2|0x0000000080200000, 0x0000000080300000, 0x0000000080300000|100%|HC|  |TAMS 0x0000000080300000, 0x0000000080200000| Complete 
|   3|0x0000000080300000, 0x0000000080400000, 0x0000000080400000|100%|HC|  |TAMS 0x0000000080400000, 0x0000000080300000| Complete 
|   4|0x0000000080400000, 0x0000000080500000, 0x0000000080500000|100%| O|  |TAMS 0x0000000080500000, 0x0000000080400000| Untracked 
|   5|0x0000000080500000, 0x0000000080600000, 0x0000000080600000|100%| O|  |TAMS 0x0000000080600000, 0x0000000080500000| Untracked 
|   6|0x0000000080600000, 0x0000000080700000, 0x0000000080700000|100%| O|  |TAMS 0x0000000080700000, 0x0000000080600000| Untracked 
|   7|0x0000000080700000, 0x0000000080800000, 0x0000000080800000|100%|HS|  |TAMS 0x0000000080800000, 0x0000000080700000| Complete 
|   8|0x0000000080800000, 0x0000000080900000, 0x0000000080900000|100%| O|  |TAMS 0x0000000080900000, 0x0000000080800000| Untracked 
|   9|0x0000000080900000, 0x0000000080a00000, 0x0000000080a00000|100%| O|  |TAMS 0x0000000080a00000, 0x0000000080900000| Untracked 
|  10|0x0000000080a00000, 0x0000000080b00000, 0x0000000080b00000|100%| O|  |TAMS 0x0000000080b00000, 0x0000000080a00000| Untracked 
|  11|0x0000000080b00000, 0x0000000080c00000, 0x0000000080c00000|100%| O|  |TAMS 0x0000000080c00000, 0x0000000080b00000| Untracked 
|  12|0x0000000080c00000, 0x0000000080d00000, 0x0000000080d00000|100%| O|  |TAMS 0x0000000080d00000, 0x0000000080c00000| Untracked 
|  13|0x0000000080d00000, 0x0000000080e00000, 0x0000000080e00000|100%| O|  |TAMS 0x0000000080e00000, 0x0000000080d00000| Untracked 
|  14|0x0000000080e00000, 0x0000000080f00000, 0x0000000080f00000|100%| O|  |TAMS 0x0000000080f00000, 0x0000000080e00000| Untracked 
|  15|0x0000000080f00000, 0x0000000081000000, 0x0000000081000000|100%| O|  |TAMS 0x0000000081000000, 0x0000000080f00000| Untracked 
|  16|0x0000000081000000, 0x0000000081100000, 0x0000000081100000|100%| O|  |TAMS 0x0000000081100000, 0x0000000081000000| Untracked 
|  17|0x0000000081100000, 0x0000000081200000, 0x0000000081200000|100%| O|  |TAMS 0x0000000081200000, 0x0000000081100000| Untracked 
|  18|0x0000000081200000, 0x0000000081300000, 0x0000000081300000|100%| O|  |TAMS 0x0000000081300000, 0x0000000081200000| Untracked 
|  19|0x0000000081300000, 0x0000000081400000, 0x0000000081400000|100%| O|  |TAMS 0x0000000081400000, 0x0000000081300000| Untracked 
|  20|0x0000000081400000, 0x0000000081500000, 0x0000000081500000|100%| O|  |TAMS 0x0000000081500000, 0x0000000081400000| Untracked 
|  21|0x0000000081500000, 0x0000000081600000, 0x0000000081600000|100%| O|  |TAMS 0x0000000081600000, 0x0000000081500000| Untracked 
|  22|0x0000000081600000, 0x0000000081700000, 0x0000000081700000|100%| O|  |TAMS 0x0000000081700000, 0x0000000081600000| Untracked 
|  23|0x0000000081700000, 0x0000000081800000, 0x0000000081800000|100%| O|  |TAMS 0x0000000081800000, 0x0000000081700000| Untracked 
|  24|0x0000000081800000, 0x0000000081900000, 0x0000000081900000|100%| O|  |TAMS 0x0000000081900000, 0x0000000081800000| Untracked 
|  25|0x0000000081900000, 0x0000000081a00000, 0x0000000081a00000|100%| O|  |TAMS 0x0000000081a00000, 0x0000000081900000| Untracked 
|  26|0x0000000081a00000, 0x0000000081b00000, 0x0000000081b00000|100%| O|  |TAMS 0x0000000081b00000, 0x0000000081a00000| Untracked 
|  27|0x0000000081b00000, 0x0000000081c00000, 0x0000000081c00000|100%| O|  |TAMS 0x0000000081c00000, 0x0000000081b00000| Untracked 
|  28|0x0000000081c00000, 0x0000000081d00000, 0x0000000081d00000|100%| O|  |TAMS 0x0000000081d00000, 0x0000000081c00000| Untracked 
|  29|0x0000000081d00000, 0x0000000081e00000, 0x0000000081e00000|100%| O|  |TAMS 0x0000000081e00000, 0x0000000081d00000| Untracked 
|  30|0x0000000081e00000, 0x0000000081f00000, 0x0000000081f00000|100%| O|  |TAMS 0x0000000081f00000, 0x0000000081e00000| Untracked 
|  31|0x0000000081f00000, 0x0000000082000000, 0x0000000082000000|100%| O|  |TAMS 0x0000000082000000, 0x0000000081f00000| Untracked 
|  32|0x0000000082000000, 0x0000000082100000, 0x0000000082100000|100%| O|  |TAMS 0x0000000082100000, 0x0000000082000000| Untracked 
|  33|0x0000000082100000, 0x0000000082200000, 0x0000000082200000|100%| O|  |TAMS 0x0000000082200000, 0x0000000082100000| Untracked 
|  34|0x0000000082200000, 0x0000000082300000, 0x0000000082300000|100%| O|  |TAMS 0x0000000082300000, 0x0000000082200000| Untracked 
|  35|0x0000000082300000, 0x0000000082400000, 0x0000000082400000|100%| O|  |TAMS 0x0000000082400000, 0x0000000082300000| Untracked 
|  36|0x0000000082400000, 0x0000000082500000, 0x0000000082500000|100%| O|  |TAMS 0x0000000082500000, 0x0000000082400000| Untracked 
|  37|0x0000000082500000, 0x0000000082600000, 0x0000000082600000|100%| O|  |TAMS 0x0000000082600000, 0x0000000082500000| Untracked 
|  38|0x0000000082600000, 0x0000000082700000, 0x0000000082700000|100%| O|  |TAMS 0x0000000082700000, 0x0000000082600000| Untracked 
|  39|0x0000000082700000, 0x0000000082800000, 0x0000000082800000|100%| O|  |TAMS 0x0000000082800000, 0x0000000082700000| Untracked 
|  40|0x0000000082800000, 0x0000000082900000, 0x0000000082900000|100%| O|  |TAMS 0x0000000082900000, 0x0000000082800000| Untracked 
|  41|0x0000000082900000, 0x0000000082a00000, 0x0000000082a00000|100%| O|  |TAMS 0x0000000082a00000, 0x0000000082900000| Untracked 
|  42|0x0000000082a00000, 0x0000000082b00000, 0x0000000082b00000|100%| O|  |TAMS 0x0000000082b00000, 0x0000000082a00000| Untracked 
|  43|0x0000000082b00000, 0x0000000082c00000, 0x0000000082c00000|100%|HS|  |TAMS 0x0000000082c00000, 0x0000000082b00000| Complete 
|  44|0x0000000082c00000, 0x0000000082d00000, 0x0000000082d00000|100%|HC|  |TAMS 0x0000000082d00000, 0x0000000082c00000| Complete 
|  45|0x0000000082d00000, 0x0000000082e00000, 0x0000000082e00000|100%|HC|  |TAMS 0x0000000082e00000, 0x0000000082d00000| Complete 
|  46|0x0000000082e00000, 0x0000000082f00000, 0x0000000082f00000|100%| O|  |TAMS 0x0000000082e00000, 0x0000000082e00000| Untracked 
|  47|0x0000000082f00000, 0x0000000083000000, 0x0000000083000000|100%| O|  |TAMS 0x0000000083000000, 0x0000000082f00000| Untracked 
|  48|0x0000000083000000, 0x0000000083100000, 0x0000000083100000|100%| O|  |TAMS 0x0000000083100000, 0x0000000083000000| Untracked 
|  49|0x0000000083100000, 0x0000000083100000, 0x0000000083200000|  0%| F|  |TAMS 0x0000000083100000, 0x0000000083100000| Untracked 
|  50|0x0000000083200000, 0x0000000083300000, 0x0000000083300000|100%|HS|  |TAMS 0x0000000083300000, 0x0000000083200000| Complete 
|  51|0x0000000083300000, 0x0000000083400000, 0x0000000083400000|100%|HC|  |TAMS 0x0000000083400000, 0x0000000083300000| Complete 
|  52|0x0000000083400000, 0x0000000083500000, 0x0000000083500000|100%|HC|  |TAMS 0x0000000083500000, 0x0000000083400000| Complete 
|  53|0x0000000083500000, 0x0000000083600000, 0x0000000083600000|100%| O|  |TAMS 0x0000000083600000, 0x0000000083500000| Untracked 
|  54|0x0000000083600000, 0x0000000083600000, 0x0000000083700000|  0%| F|  |TAMS 0x0000000083600000, 0x0000000083600000| Untracked 
|  55|0x0000000083700000, 0x0000000083800000, 0x0000000083800000|100%| O|  |TAMS 0x0000000083800000, 0x0000000083700000| Untracked 
|  56|0x0000000083800000, 0x0000000083900000, 0x0000000083900000|100%| O|  |TAMS 0x0000000083900000, 0x0000000083800000| Untracked 
|  57|0x0000000083900000, 0x0000000083a00000, 0x0000000083a00000|100%| O|  |TAMS 0x0000000083a00000, 0x0000000083900000| Untracked 
|  58|0x0000000083a00000, 0x0000000083b00000, 0x0000000083b00000|100%| O|  |TAMS 0x0000000083b00000, 0x0000000083a00000| Untracked 
|  59|0x0000000083b00000, 0x0000000083c00000, 0x0000000083c00000|100%| O|  |TAMS 0x0000000083c00000, 0x0000000083b00000| Untracked 
|  60|0x0000000083c00000, 0x0000000083d00000, 0x0000000083d00000|100%| O|  |TAMS 0x0000000083d00000, 0x0000000083c00000| Untracked 
|  61|0x0000000083d00000, 0x0000000083e00000, 0x0000000083e00000|100%| O|  |TAMS 0x0000000083e00000, 0x0000000083d00000| Untracked 
|  62|0x0000000083e00000, 0x0000000083f00000, 0x0000000083f00000|100%| O|  |TAMS 0x0000000083f00000, 0x0000000083e00000| Untracked 
|  63|0x0000000083f00000, 0x0000000084000000, 0x0000000084000000|100%| O|  |TAMS 0x0000000084000000, 0x0000000083f00000| Untracked 
|  64|0x0000000084000000, 0x0000000084000000, 0x0000000084100000|  0%| F|  |TAMS 0x0000000084000000, 0x0000000084000000| Untracked 
|  65|0x0000000084100000, 0x0000000084200000, 0x0000000084200000|100%| O|  |TAMS 0x0000000084200000, 0x0000000084100000| Untracked 
|  66|0x0000000084200000, 0x0000000084300000, 0x0000000084300000|100%| O|  |TAMS 0x0000000084300000, 0x0000000084200000| Untracked 
|  67|0x0000000084300000, 0x0000000084400000, 0x0000000084400000|100%| O|  |TAMS 0x0000000084400000, 0x0000000084300000| Untracked 
|  68|0x0000000084400000, 0x0000000084500000, 0x0000000084500000|100%| O|  |TAMS 0x0000000084500000, 0x0000000084400000| Untracked 
|  69|0x0000000084500000, 0x0000000084600000, 0x0000000084600000|100%| O|  |TAMS 0x0000000084600000, 0x0000000084500000| Untracked 
|  70|0x0000000084600000, 0x0000000084700000, 0x0000000084700000|100%| O|  |TAMS 0x0000000084700000, 0x0000000084600000| Untracked 
|  71|0x0000000084700000, 0x0000000084800000, 0x0000000084800000|100%| O|  |TAMS 0x0000000084700000, 0x0000000084700000| Untracked 
|  72|0x0000000084800000, 0x0000000084900000, 0x0000000084900000|100%| O|  |TAMS 0x0000000084900000, 0x0000000084800000| Untracked 
|  73|0x0000000084900000, 0x0000000084a00000, 0x0000000084a00000|100%| O|  |TAMS 0x0000000084a00000, 0x0000000084900000| Untracked 
|  74|0x0000000084a00000, 0x0000000084b00000, 0x0000000084b00000|100%| O|  |TAMS 0x0000000084b00000, 0x0000000084a00000| Untracked 
|  75|0x0000000084b00000, 0x0000000084c00000, 0x0000000084c00000|100%| O|  |TAMS 0x0000000084c00000, 0x0000000084b00000| Untracked 
|  76|0x0000000084c00000, 0x0000000084d00000, 0x0000000084d00000|100%| O|  |TAMS 0x0000000084d00000, 0x0000000084c00000| Untracked 
|  77|0x0000000084d00000, 0x0000000084e00000, 0x0000000084e00000|100%| O|  |TAMS 0x0000000084e00000, 0x0000000084d00000| Untracked 
|  78|0x0000000084e00000, 0x0000000084f00000, 0x0000000084f00000|100%| O|  |TAMS 0x0000000084e00000, 0x0000000084e00000| Untracked 
|  79|0x0000000084f00000, 0x0000000085000000, 0x0000000085000000|100%| O|  |TAMS 0x0000000085000000, 0x0000000084f00000| Untracked 
|  80|0x0000000085000000, 0x0000000085100000, 0x0000000085100000|100%| O|  |TAMS 0x0000000085000000, 0x0000000085000000| Untracked 
|  81|0x0000000085100000, 0x0000000085200000, 0x0000000085200000|100%| O|  |TAMS 0x0000000085200000, 0x0000000085100000| Untracked 
|  82|0x0000000085200000, 0x0000000085300000, 0x0000000085300000|100%| O|  |TAMS 0x0000000085300000, 0x0000000085200000| Untracked 
|  83|0x0000000085300000, 0x0000000085400000, 0x0000000085400000|100%| O|  |TAMS 0x0000000085400000, 0x0000000085300000| Untracked 
|  84|0x0000000085400000, 0x0000000085500000, 0x0000000085500000|100%|HS|  |TAMS 0x0000000085500000, 0x0000000085400000| Complete 
|  85|0x0000000085500000, 0x0000000085600000, 0x0000000085600000|100%|HS|  |TAMS 0x0000000085600000, 0x0000000085500000| Complete 
|  86|0x0000000085600000, 0x0000000085700000, 0x0000000085700000|100%|HS|  |TAMS 0x0000000085700000, 0x0000000085600000| Complete 
|  87|0x0000000085700000, 0x0000000085800000, 0x0000000085800000|100%|HS|  |TAMS 0x0000000085800000, 0x0000000085700000| Complete 
|  88|0x0000000085800000, 0x0000000085900000, 0x0000000085900000|100%| O|  |TAMS 0x0000000085900000, 0x0000000085800000| Untracked 
|  89|0x0000000085900000, 0x0000000085a00000, 0x0000000085a00000|100%|HS|  |TAMS 0x0000000085a00000, 0x0000000085900000| Complete 
|  90|0x0000000085a00000, 0x0000000085b00000, 0x0000000085b00000|100%|HS|  |TAMS 0x0000000085b00000, 0x0000000085a00000| Complete 
|  91|0x0000000085b00000, 0x0000000085c00000, 0x0000000085c00000|100%| O|  |TAMS 0x0000000085c00000, 0x0000000085b00000| Untracked 
|  92|0x0000000085c00000, 0x0000000085d00000, 0x0000000085d00000|100%| O|  |TAMS 0x0000000085d00000, 0x0000000085c00000| Untracked 
|  93|0x0000000085d00000, 0x0000000085e00000, 0x0000000085e00000|100%| O|  |TAMS 0x0000000085e00000, 0x0000000085d00000| Untracked 
|  94|0x0000000085e00000, 0x0000000085f00000, 0x0000000085f00000|100%| O|  |TAMS 0x0000000085f00000, 0x0000000085e00000| Untracked 
|  95|0x0000000085f00000, 0x0000000086000000, 0x0000000086000000|100%| O|  |TAMS 0x0000000086000000, 0x0000000085f00000| Untracked 
|  96|0x0000000086000000, 0x0000000086100000, 0x0000000086100000|100%| O|  |TAMS 0x0000000086100000, 0x0000000086000000| Untracked 
|  97|0x0000000086100000, 0x0000000086200000, 0x0000000086200000|100%| O|  |TAMS 0x0000000086200000, 0x0000000086100000| Untracked 
|  98|0x0000000086200000, 0x0000000086300000, 0x0000000086300000|100%| O|  |TAMS 0x0000000086300000, 0x0000000086200000| Untracked 
|  99|0x0000000086300000, 0x0000000086400000, 0x0000000086400000|100%| O|  |TAMS 0x0000000086400000, 0x0000000086300000| Untracked 
| 100|0x0000000086400000, 0x0000000086500000, 0x0000000086500000|100%| O|  |TAMS 0x0000000086500000, 0x0000000086400000| Untracked 
| 101|0x0000000086500000, 0x0000000086600000, 0x0000000086600000|100%| O|  |TAMS 0x0000000086600000, 0x0000000086500000| Untracked 
| 102|0x0000000086600000, 0x0000000086700000, 0x0000000086700000|100%| O|  |TAMS 0x00000000866eda00, 0x0000000086600000| Untracked 
| 103|0x0000000086700000, 0x0000000086800000, 0x0000000086800000|100%|HS|  |TAMS 0x0000000086700000, 0x0000000086700000| Complete 
| 104|0x0000000086800000, 0x0000000086900000, 0x0000000086900000|100%| O|  |TAMS 0x0000000086800000, 0x0000000086800000| Untracked 
| 105|0x0000000086900000, 0x0000000086a00000, 0x0000000086a00000|100%| O|  |TAMS 0x0000000086900000, 0x0000000086900000| Untracked 
| 106|0x0000000086a00000, 0x0000000086b00000, 0x0000000086b00000|100%| O|  |TAMS 0x0000000086a00000, 0x0000000086a00000| Untracked 
| 107|0x0000000086b00000, 0x0000000086b31e00, 0x0000000086c00000| 19%| O|  |TAMS 0x0000000086b00000, 0x0000000086b00000| Untracked 
| 108|0x0000000086c00000, 0x0000000086d00000, 0x0000000086d00000|100%|HS|  |TAMS 0x0000000086c00000, 0x0000000086c00000| Complete 
| 109|0x0000000086d00000, 0x0000000086e00000, 0x0000000086e00000|100%|HC|  |TAMS 0x0000000086d00000, 0x0000000086d00000| Complete 
| 110|0x0000000086e00000, 0x0000000086f00000, 0x0000000086f00000|100%|HC|  |TAMS 0x0000000086e00000, 0x0000000086e00000| Complete 
| 111|0x0000000086f00000, 0x0000000086f00000, 0x0000000087000000|  0%| F|  |TAMS 0x0000000086f00000, 0x0000000086f00000| Untracked 
| 112|0x0000000087000000, 0x0000000087000000, 0x0000000087100000|  0%| F|  |TAMS 0x0000000087000000, 0x0000000087000000| Untracked 
| 113|0x0000000087100000, 0x0000000087100000, 0x0000000087200000|  0%| F|  |TAMS 0x0000000087100000, 0x0000000087100000| Untracked 
| 114|0x0000000087200000, 0x0000000087200000, 0x0000000087300000|  0%| F|  |TAMS 0x0000000087200000, 0x0000000087200000| Untracked 
| 115|0x0000000087300000, 0x0000000087300000, 0x0000000087400000|  0%| F|  |TAMS 0x0000000087300000, 0x0000000087300000| Untracked 
| 116|0x0000000087400000, 0x0000000087400000, 0x0000000087500000|  0%| F|  |TAMS 0x0000000087400000, 0x0000000087400000| Untracked 
| 117|0x0000000087500000, 0x0000000087500000, 0x0000000087600000|  0%| F|  |TAMS 0x0000000087500000, 0x0000000087500000| Untracked 
| 118|0x0000000087600000, 0x0000000087600000, 0x0000000087700000|  0%| F|  |TAMS 0x0000000087600000, 0x0000000087600000| Untracked 
| 119|0x0000000087700000, 0x0000000087700000, 0x0000000087800000|  0%| F|  |TAMS 0x0000000087700000, 0x0000000087700000| Untracked 
| 120|0x0000000087800000, 0x0000000087800000, 0x0000000087900000|  0%| F|  |TAMS 0x0000000087800000, 0x0000000087800000| Untracked 
| 121|0x0000000087900000, 0x0000000087900000, 0x0000000087a00000|  0%| F|  |TAMS 0x0000000087900000, 0x0000000087900000| Untracked 
| 122|0x0000000087a00000, 0x0000000087a00000, 0x0000000087b00000|  0%| F|  |TAMS 0x0000000087a00000, 0x0000000087a00000| Untracked 
| 123|0x0000000087b00000, 0x0000000087b00000, 0x0000000087c00000|  0%| F|  |TAMS 0x0000000087b00000, 0x0000000087b00000| Untracked 
| 124|0x0000000087c00000, 0x0000000087c00000, 0x0000000087d00000|  0%| F|  |TAMS 0x0000000087c00000, 0x0000000087c00000| Untracked 
| 125|0x0000000087d00000, 0x0000000087d00000, 0x0000000087e00000|  0%| F|  |TAMS 0x0000000087d00000, 0x0000000087d00000| Untracked 
| 126|0x0000000087e00000, 0x0000000087e00000, 0x0000000087f00000|  0%| F|  |TAMS 0x0000000087e00000, 0x0000000087e00000| Untracked 
| 127|0x0000000087f00000, 0x0000000087f00000, 0x0000000088000000|  0%| F|  |TAMS 0x0000000087f00000, 0x0000000087f00000| Untracked 
| 128|0x0000000088000000, 0x0000000088000000, 0x0000000088100000|  0%| F|  |TAMS 0x0000000088000000, 0x0000000088000000| Untracked 
| 129|0x0000000088100000, 0x0000000088100000, 0x0000000088200000|  0%| F|  |TAMS 0x0000000088100000, 0x0000000088100000| Untracked 
| 130|0x0000000088200000, 0x0000000088200000, 0x0000000088300000|  0%| F|  |TAMS 0x0000000088200000, 0x0000000088200000| Untracked 
| 131|0x0000000088300000, 0x0000000088300000, 0x0000000088400000|  0%| F|  |TAMS 0x0000000088300000, 0x0000000088300000| Untracked 
| 132|0x0000000088400000, 0x0000000088400000, 0x0000000088500000|  0%| F|  |TAMS 0x0000000088400000, 0x0000000088400000| Untracked 
| 133|0x0000000088500000, 0x0000000088500000, 0x0000000088600000|  0%| F|  |TAMS 0x0000000088500000, 0x0000000088500000| Untracked 
| 134|0x0000000088600000, 0x0000000088600000, 0x0000000088700000|  0%| F|  |TAMS 0x0000000088600000, 0x0000000088600000| Untracked 
| 135|0x0000000088700000, 0x0000000088700000, 0x0000000088800000|  0%| F|  |TAMS 0x0000000088700000, 0x0000000088700000| Untracked 
| 136|0x0000000088800000, 0x0000000088800000, 0x0000000088900000|  0%| F|  |TAMS 0x0000000088800000, 0x0000000088800000| Untracked 
| 137|0x0000000088900000, 0x0000000088900000, 0x0000000088a00000|  0%| F|  |TAMS 0x0000000088900000, 0x0000000088900000| Untracked 
| 138|0x0000000088a00000, 0x0000000088a00000, 0x0000000088b00000|  0%| F|  |TAMS 0x0000000088a00000, 0x0000000088a00000| Untracked 
| 139|0x0000000088b00000, 0x0000000088b00000, 0x0000000088c00000|  0%| F|  |TAMS 0x0000000088b00000, 0x0000000088b00000| Untracked 
| 140|0x0000000088c00000, 0x0000000088c00000, 0x0000000088d00000|  0%| F|  |TAMS 0x0000000088c00000, 0x0000000088c00000| Untracked 
| 141|0x0000000088d00000, 0x0000000088d00000, 0x0000000088e00000|  0%| F|  |TAMS 0x0000000088d00000, 0x0000000088d00000| Untracked 
| 142|0x0000000088e00000, 0x0000000088e00000, 0x0000000088f00000|  0%| F|  |TAMS 0x0000000088e00000, 0x0000000088e00000| Untracked 
| 143|0x0000000088f00000, 0x0000000088f00000, 0x0000000089000000|  0%| F|  |TAMS 0x0000000088f00000, 0x0000000088f00000| Untracked 
| 144|0x0000000089000000, 0x0000000089000000, 0x0000000089100000|  0%| F|  |TAMS 0x0000000089000000, 0x0000000089000000| Untracked 
| 145|0x0000000089100000, 0x0000000089100000, 0x0000000089200000|  0%| F|  |TAMS 0x0000000089100000, 0x0000000089100000| Untracked 
| 146|0x0000000089200000, 0x000000008927c4d8, 0x0000000089300000| 48%| S|CS|TAMS 0x0000000089200000, 0x0000000089200000| Complete 
| 147|0x0000000089300000, 0x0000000089400000, 0x0000000089400000|100%| S|CS|TAMS 0x0000000089300000, 0x0000000089300000| Complete 
| 148|0x0000000089400000, 0x0000000089500000, 0x0000000089500000|100%| S|CS|TAMS 0x0000000089400000, 0x0000000089400000| Complete 
| 149|0x0000000089500000, 0x0000000089500000, 0x0000000089600000|  0%| F|  |TAMS 0x0000000089500000, 0x0000000089500000| Untracked 
| 150|0x0000000089600000, 0x0000000089600000, 0x0000000089700000|  0%| F|  |TAMS 0x0000000089600000, 0x0000000089600000| Untracked 
| 151|0x0000000089700000, 0x0000000089700000, 0x0000000089800000|  0%| F|  |TAMS 0x0000000089700000, 0x0000000089700000| Untracked 
| 152|0x0000000089800000, 0x0000000089800000, 0x0000000089900000|  0%| F|  |TAMS 0x0000000089800000, 0x0000000089800000| Untracked 
| 153|0x0000000089900000, 0x0000000089900000, 0x0000000089a00000|  0%| F|  |TAMS 0x0000000089900000, 0x0000000089900000| Untracked 
| 154|0x0000000089a00000, 0x0000000089a00000, 0x0000000089b00000|  0%| F|  |TAMS 0x0000000089a00000, 0x0000000089a00000| Untracked 
| 155|0x0000000089b00000, 0x0000000089b00000, 0x0000000089c00000|  0%| F|  |TAMS 0x0000000089b00000, 0x0000000089b00000| Untracked 
| 156|0x0000000089c00000, 0x0000000089c00000, 0x0000000089d00000|  0%| F|  |TAMS 0x0000000089c00000, 0x0000000089c00000| Untracked 
| 157|0x0000000089d00000, 0x0000000089d00000, 0x0000000089e00000|  0%| F|  |TAMS 0x0000000089d00000, 0x0000000089d00000| Untracked 
| 158|0x0000000089e00000, 0x0000000089e00000, 0x0000000089f00000|  0%| F|  |TAMS 0x0000000089e00000, 0x0000000089e00000| Untracked 
| 159|0x0000000089f00000, 0x0000000089f00000, 0x000000008a000000|  0%| F|  |TAMS 0x0000000089f00000, 0x0000000089f00000| Untracked 
| 160|0x000000008a000000, 0x000000008a000000, 0x000000008a100000|  0%| F|  |TAMS 0x000000008a000000, 0x000000008a000000| Untracked 
| 161|0x000000008a100000, 0x000000008a100000, 0x000000008a200000|  0%| F|  |TAMS 0x000000008a100000, 0x000000008a100000| Untracked 
| 162|0x000000008a200000, 0x000000008a200000, 0x000000008a300000|  0%| F|  |TAMS 0x000000008a200000, 0x000000008a200000| Untracked 
| 163|0x000000008a300000, 0x000000008a300000, 0x000000008a400000|  0%| F|  |TAMS 0x000000008a300000, 0x000000008a300000| Untracked 
| 164|0x000000008a400000, 0x000000008a400000, 0x000000008a500000|  0%| F|  |TAMS 0x000000008a400000, 0x000000008a400000| Untracked 
| 165|0x000000008a500000, 0x000000008a500000, 0x000000008a600000|  0%| F|  |TAMS 0x000000008a500000, 0x000000008a500000| Untracked 
| 166|0x000000008a600000, 0x000000008a600000, 0x000000008a700000|  0%| F|  |TAMS 0x000000008a600000, 0x000000008a600000| Untracked 
| 167|0x000000008a700000, 0x000000008a700000, 0x000000008a800000|  0%| F|  |TAMS 0x000000008a700000, 0x000000008a700000| Untracked 
| 168|0x000000008a800000, 0x000000008a800000, 0x000000008a900000|  0%| F|  |TAMS 0x000000008a800000, 0x000000008a800000| Untracked 
| 169|0x000000008a900000, 0x000000008a900000, 0x000000008aa00000|  0%| F|  |TAMS 0x000000008a900000, 0x000000008a900000| Untracked 
| 170|0x000000008aa00000, 0x000000008aa00000, 0x000000008ab00000|  0%| F|  |TAMS 0x000000008aa00000, 0x000000008aa00000| Untracked 
| 171|0x000000008ab00000, 0x000000008ab00000, 0x000000008ac00000|  0%| F|  |TAMS 0x000000008ab00000, 0x000000008ab00000| Untracked 
| 172|0x000000008ac00000, 0x000000008ac00000, 0x000000008ad00000|  0%| F|  |TAMS 0x000000008ac00000, 0x000000008ac00000| Untracked 
| 173|0x000000008ad00000, 0x000000008ad00000, 0x000000008ae00000|  0%| F|  |TAMS 0x000000008ad00000, 0x000000008ad00000| Untracked 
| 174|0x000000008ae00000, 0x000000008ae00000, 0x000000008af00000|  0%| F|  |TAMS 0x000000008ae00000, 0x000000008ae00000| Untracked 
| 175|0x000000008af00000, 0x000000008af00000, 0x000000008b000000|  0%| F|  |TAMS 0x000000008af00000, 0x000000008af00000| Untracked 
| 176|0x000000008b000000, 0x000000008b000000, 0x000000008b100000|  0%| F|  |TAMS 0x000000008b000000, 0x000000008b000000| Untracked 
| 177|0x000000008b100000, 0x000000008b100000, 0x000000008b200000|  0%| F|  |TAMS 0x000000008b100000, 0x000000008b100000| Untracked 
| 178|0x000000008b200000, 0x000000008b200000, 0x000000008b300000|  0%| F|  |TAMS 0x000000008b200000, 0x000000008b200000| Untracked 
| 179|0x000000008b300000, 0x000000008b300000, 0x000000008b400000|  0%| F|  |TAMS 0x000000008b300000, 0x000000008b300000| Untracked 
| 180|0x000000008b400000, 0x000000008b400000, 0x000000008b500000|  0%| F|  |TAMS 0x000000008b400000, 0x000000008b400000| Untracked 
| 181|0x000000008b500000, 0x000000008b500000, 0x000000008b600000|  0%| F|  |TAMS 0x000000008b500000, 0x000000008b500000| Untracked 
| 182|0x000000008b600000, 0x000000008b600000, 0x000000008b700000|  0%| F|  |TAMS 0x000000008b600000, 0x000000008b600000| Untracked 
| 183|0x000000008b700000, 0x000000008b700000, 0x000000008b800000|  0%| F|  |TAMS 0x000000008b700000, 0x000000008b700000| Untracked 
| 184|0x000000008b800000, 0x000000008b800000, 0x000000008b900000|  0%| F|  |TAMS 0x000000008b800000, 0x000000008b800000| Untracked 
| 185|0x000000008b900000, 0x000000008b900000, 0x000000008ba00000|  0%| F|  |TAMS 0x000000008b900000, 0x000000008b900000| Untracked 
| 186|0x000000008ba00000, 0x000000008ba00000, 0x000000008bb00000|  0%| F|  |TAMS 0x000000008ba00000, 0x000000008ba00000| Untracked 
| 187|0x000000008bb00000, 0x000000008bb00000, 0x000000008bc00000|  0%| F|  |TAMS 0x000000008bb00000, 0x000000008bb00000| Untracked 
| 188|0x000000008bc00000, 0x000000008bc00000, 0x000000008bd00000|  0%| F|  |TAMS 0x000000008bc00000, 0x000000008bc00000| Untracked 
| 189|0x000000008bd00000, 0x000000008bd00000, 0x000000008be00000|  0%| F|  |TAMS 0x000000008bd00000, 0x000000008bd00000| Untracked 
| 190|0x000000008be00000, 0x000000008be00000, 0x000000008bf00000|  0%| F|  |TAMS 0x000000008be00000, 0x000000008be00000| Untracked 
| 191|0x000000008bf00000, 0x000000008bf00000, 0x000000008c000000|  0%| F|  |TAMS 0x000000008bf00000, 0x000000008bf00000| Untracked 
| 192|0x000000008c000000, 0x000000008c000000, 0x000000008c100000|  0%| F|  |TAMS 0x000000008c000000, 0x000000008c000000| Untracked 
| 193|0x000000008c100000, 0x000000008c100000, 0x000000008c200000|  0%| F|  |TAMS 0x000000008c100000, 0x000000008c100000| Untracked 
| 194|0x000000008c200000, 0x000000008c200000, 0x000000008c300000|  0%| F|  |TAMS 0x000000008c200000, 0x000000008c200000| Untracked 
| 195|0x000000008c300000, 0x000000008c300000, 0x000000008c400000|  0%| F|  |TAMS 0x000000008c300000, 0x000000008c300000| Untracked 
| 196|0x000000008c400000, 0x000000008c400000, 0x000000008c500000|  0%| F|  |TAMS 0x000000008c400000, 0x000000008c400000| Untracked 
| 197|0x000000008c500000, 0x000000008c500000, 0x000000008c600000|  0%| F|  |TAMS 0x000000008c500000, 0x000000008c500000| Untracked 
| 198|0x000000008c600000, 0x000000008c600000, 0x000000008c700000|  0%| F|  |TAMS 0x000000008c600000, 0x000000008c600000| Untracked 
| 199|0x000000008c700000, 0x000000008c700000, 0x000000008c800000|  0%| F|  |TAMS 0x000000008c700000, 0x000000008c700000| Untracked 
| 200|0x000000008c800000, 0x000000008c800000, 0x000000008c900000|  0%| F|  |TAMS 0x000000008c800000, 0x000000008c800000| Untracked 
| 201|0x000000008c900000, 0x000000008c900000, 0x000000008ca00000|  0%| F|  |TAMS 0x000000008c900000, 0x000000008c900000| Untracked 
| 202|0x000000008ca00000, 0x000000008ca00000, 0x000000008cb00000|  0%| F|  |TAMS 0x000000008ca00000, 0x000000008ca00000| Untracked 
| 203|0x000000008cb00000, 0x000000008cb00000, 0x000000008cc00000|  0%| F|  |TAMS 0x000000008cb00000, 0x000000008cb00000| Untracked 
| 204|0x000000008cc00000, 0x000000008cc00000, 0x000000008cd00000|  0%| F|  |TAMS 0x000000008cc00000, 0x000000008cc00000| Untracked 
| 205|0x000000008cd00000, 0x000000008cd00000, 0x000000008ce00000|  0%| F|  |TAMS 0x000000008cd00000, 0x000000008cd00000| Untracked 
| 206|0x000000008ce00000, 0x000000008ce00000, 0x000000008cf00000|  0%| F|  |TAMS 0x000000008ce00000, 0x000000008ce00000| Untracked 
| 207|0x000000008cf00000, 0x000000008cf00000, 0x000000008d000000|  0%| F|  |TAMS 0x000000008cf00000, 0x000000008cf00000| Untracked 
| 208|0x000000008d000000, 0x000000008d000000, 0x000000008d100000|  0%| F|  |TAMS 0x000000008d000000, 0x000000008d000000| Untracked 
| 209|0x000000008d100000, 0x000000008d100000, 0x000000008d200000|  0%| F|  |TAMS 0x000000008d100000, 0x000000008d100000| Untracked 
| 210|0x000000008d200000, 0x000000008d200000, 0x000000008d300000|  0%| F|  |TAMS 0x000000008d200000, 0x000000008d200000| Untracked 
| 211|0x000000008d300000, 0x000000008d300000, 0x000000008d400000|  0%| F|  |TAMS 0x000000008d300000, 0x000000008d300000| Untracked 
| 212|0x000000008d400000, 0x000000008d400000, 0x000000008d500000|  0%| F|  |TAMS 0x000000008d400000, 0x000000008d400000| Untracked 
| 213|0x000000008d500000, 0x000000008d500000, 0x000000008d600000|  0%| F|  |TAMS 0x000000008d500000, 0x000000008d500000| Untracked 
| 214|0x000000008d600000, 0x000000008d600000, 0x000000008d700000|  0%| F|  |TAMS 0x000000008d600000, 0x000000008d600000| Untracked 
| 215|0x000000008d700000, 0x000000008d700000, 0x000000008d800000|  0%| F|  |TAMS 0x000000008d700000, 0x000000008d700000| Untracked 
| 216|0x000000008d800000, 0x000000008d800000, 0x000000008d900000|  0%| F|  |TAMS 0x000000008d800000, 0x000000008d800000| Untracked 
| 217|0x000000008d900000, 0x000000008d900000, 0x000000008da00000|  0%| F|  |TAMS 0x000000008d900000, 0x000000008d900000| Untracked 
| 218|0x000000008da00000, 0x000000008da00000, 0x000000008db00000|  0%| F|  |TAMS 0x000000008da00000, 0x000000008da00000| Untracked 
| 219|0x000000008db00000, 0x000000008db00000, 0x000000008dc00000|  0%| F|  |TAMS 0x000000008db00000, 0x000000008db00000| Untracked 
| 220|0x000000008dc00000, 0x000000008dc00000, 0x000000008dd00000|  0%| F|  |TAMS 0x000000008dc00000, 0x000000008dc00000| Untracked 
| 221|0x000000008dd00000, 0x000000008dd00000, 0x000000008de00000|  0%| F|  |TAMS 0x000000008dd00000, 0x000000008dd00000| Untracked 
| 222|0x000000008de00000, 0x000000008de00000, 0x000000008df00000|  0%| F|  |TAMS 0x000000008de00000, 0x000000008de00000| Untracked 
| 223|0x000000008df00000, 0x000000008df00000, 0x000000008e000000|  0%| F|  |TAMS 0x000000008df00000, 0x000000008df00000| Untracked 
| 224|0x000000008e000000, 0x000000008e000000, 0x000000008e100000|  0%| F|  |TAMS 0x000000008e000000, 0x000000008e000000| Untracked 
| 225|0x000000008e100000, 0x000000008e100000, 0x000000008e200000|  0%| F|  |TAMS 0x000000008e100000, 0x000000008e100000| Untracked 
| 226|0x000000008e200000, 0x000000008e200000, 0x000000008e300000|  0%| F|  |TAMS 0x000000008e200000, 0x000000008e200000| Untracked 
| 227|0x000000008e300000, 0x000000008e300000, 0x000000008e400000|  0%| F|  |TAMS 0x000000008e300000, 0x000000008e300000| Untracked 
| 228|0x000000008e400000, 0x000000008e400000, 0x000000008e500000|  0%| F|  |TAMS 0x000000008e400000, 0x000000008e400000| Untracked 
| 229|0x000000008e500000, 0x000000008e500000, 0x000000008e600000|  0%| F|  |TAMS 0x000000008e500000, 0x000000008e500000| Untracked 
| 230|0x000000008e600000, 0x000000008e600000, 0x000000008e700000|  0%| F|  |TAMS 0x000000008e600000, 0x000000008e600000| Untracked 
| 231|0x000000008e700000, 0x000000008e700000, 0x000000008e800000|  0%| F|  |TAMS 0x000000008e700000, 0x000000008e700000| Untracked 
| 232|0x000000008e800000, 0x000000008e800000, 0x000000008e900000|  0%| F|  |TAMS 0x000000008e800000, 0x000000008e800000| Untracked 
| 233|0x000000008e900000, 0x000000008e900000, 0x000000008ea00000|  0%| F|  |TAMS 0x000000008e900000, 0x000000008e900000| Untracked 
| 234|0x000000008ea00000, 0x000000008ea00000, 0x000000008eb00000|  0%| F|  |TAMS 0x000000008ea00000, 0x000000008ea00000| Untracked 
| 235|0x000000008eb00000, 0x000000008eb00000, 0x000000008ec00000|  0%| F|  |TAMS 0x000000008eb00000, 0x000000008eb00000| Untracked 
| 236|0x000000008ec00000, 0x000000008ec00000, 0x000000008ed00000|  0%| F|  |TAMS 0x000000008ec00000, 0x000000008ec00000| Untracked 
| 237|0x000000008ed00000, 0x000000008ed00000, 0x000000008ee00000|  0%| F|  |TAMS 0x000000008ed00000, 0x000000008ed00000| Untracked 

Card table byte_map: [0x000001c67ef20000,0x000001c67f320000] _byte_map_base: 0x000001c67eb20000

Marking Bits (Prev, Next): (CMBitMap*) 0x000001c66779eb00, (CMBitMap*) 0x000001c66779eb40
 Prev Bits: [0x000001c600000000, 0x000001c602000000)
 Next Bits: [0x000001c602000000, 0x000001c604000000)

Polling page: 0x000001c6657a0000

Metaspace:

Usage:
  Non-class:     76.60 MB used.
      Class:     12.35 MB used.
       Both:     88.94 MB used.

Virtual space:
  Non-class space:      128.00 MB reserved,      77.19 MB ( 60%) committed,  2 nodes.
      Class space:      416.00 MB reserved,      12.88 MB (  3%) committed,  1 nodes.
             Both:      544.00 MB reserved,      90.06 MB ( 17%) committed. 

Chunk freelists:
   Non-Class:  2.03 MB
       Class:  3.16 MB
        Both:  5.18 MB

MaxMetaspaceSize: 512.00 MB
CompressedClassSpaceSize: 416.00 MB
Initial GC threshold: 21.00 MB
Current GC threshold: 141.81 MB
CDS: on
MetaspaceReclaimPolicy: balanced
 - commit_granule_bytes: 65536.
 - commit_granule_words: 8192.
 - virtual_space_node_default_size: 8388608.
 - enlarge_chunks_in_place: 1.
 - new_chunks_are_fully_committed: 0.
 - uncommit_free_chunks: 1.
 - use_allocation_guard: 0.
 - handle_deallocations: 1.


Internal statistics:

num_allocs_failed_limit: 6.
num_arena_births: 1640.
num_arena_deaths: 0.
num_vsnodes_births: 3.
num_vsnodes_deaths: 0.
num_space_committed: 1441.
num_space_uncommitted: 0.
num_chunks_returned_to_freelist: 6.
num_chunks_taken_from_freelist: 5615.
num_chunk_merges: 6.
num_chunk_splits: 3591.
num_chunks_enlarged: 2232.
num_inconsistent_stats: 0.

CodeHeap 'non-profiled nmethods': size=119168Kb used=6722Kb max_used=6722Kb free=112445Kb
 bounds [0x000001c676e30000, 0x000001c6774d0000, 0x000001c67e290000]
CodeHeap 'profiled nmethods': size=119104Kb used=23392Kb max_used=23392Kb free=95712Kb
 bounds [0x000001c66f290000, 0x000001c670970000, 0x000001c6766e0000]
CodeHeap 'non-nmethods': size=7488Kb used=3456Kb max_used=3518Kb free=4032Kb
 bounds [0x000001c6766e0000, 0x000001c676a60000, 0x000001c676e30000]
 total_blobs=12691 nmethods=11824 adapters=775
 compilation: enabled
              stopped_count=0, restarted_count=0
 full_count=0

Compilation events (20 events):
Event: 24.955 Thread 0x000001c6068c63c0 13439       3       java.lang.Class::getDeclaredMethod (63 bytes)
Event: 24.956 Thread 0x000001c6068c63c0 nmethod 13439 0x000001c67095da90 code [0x000001c67095dd60, 0x000001c67095e9c8]
Event: 24.956 Thread 0x000001c628fa3de0 nmethod 13317 0x000001c6774bff90 code [0x000001c6774c0120, 0x000001c6774c0398]
Event: 24.956 Thread 0x000001c628fa3de0 13182       4       org.gradle.internal.reflect.MutablePropertyDetails::getGetters (8 bytes)
Event: 24.959 Thread 0x000001c628fa3de0 nmethod 13182 0x000001c6774c0510 code [0x000001c6774c06c0, 0x000001c6774c0958]
Event: 24.959 Thread 0x000001c628fa3de0 13372       4       org.gradle.internal.instantiation.generator.AbstractClassGenerator$PropertyMetadata::findAnnotation (22 bytes)
Event: 24.964 Thread 0x000001c6068c63c0 13440       3       org.gradle.internal.instantiation.generator.AbstractClassGenerator$ManagedPropertiesHandler::hasFields (6 bytes)
Event: 24.964 Thread 0x000001c6068c63c0 nmethod 13440 0x000001c67095ef10 code [0x000001c67095f0a0, 0x000001c67095f1b8]
Event: 24.967 Thread 0x000001c6068c63c0 13441       3       org.gradle.model.internal.asm.AsmClassGenerator::<init> (92 bytes)
Event: 24.968 Thread 0x000001c6277581f0 13442       3       org.gradle.internal.instantiation.generator.AsmBackedClassGenerator$ClassBuilderImpl::<init> (28 bytes)
Event: 24.968 Thread 0x000001c6067c5c50 13443       3       org.gradle.internal.instantiation.generator.AsmBackedClassGenerator$ClassBuilderImpl::startClass (262 bytes)
Event: 24.968 Thread 0x000001c6277581f0 nmethod 13442 0x000001c67095f290 code [0x000001c67095f440, 0x000001c67095f5e8]
Event: 24.969 Thread 0x000001c6068c63c0 nmethod 13441 0x000001c67095f710 code [0x000001c67095fa60, 0x000001c670960ab8]
Event: 24.971 Thread 0x000001c6067c5c50 nmethod 13443 0x000001c670961090 code [0x000001c6709616e0, 0x000001c670964e18]
Event: 24.981 Thread 0x000001c6068c63c0 13444   !   3       org.gradle.api.services.internal.DefaultBuildServicesRegistry::withRegistrations (43 bytes)
Event: 24.982 Thread 0x000001c6068c63c0 nmethod 13444 0x000001c670966390 code [0x000001c670966580, 0x000001c6709669f8]
Event: 25.021 Thread 0x000001c6067c5c50 13446       3       org.objectweb.asm.AnnotationWriter::visitArray (62 bytes)
Event: 25.022 Thread 0x000001c6067c5c50 nmethod 13446 0x000001c670966c10 code [0x000001c670966e00, 0x000001c6709670f8]
Event: 25.024 Thread 0x000001c6067c5c50 13447       3       java.io.ObjectStreamField::appendClassSignature (69 bytes)
Event: 25.024 Thread 0x000001c6067c5c50 nmethod 13447 0x000001c670967290 code [0x000001c670967500, 0x000001c670967c98]

GC Heap History (20 events):
Event: 21.621 GC heap after
{Heap after GC invocations=39 (full 0):
 garbage-first heap   total 167936K, used 82251K [0x0000000080000000, 0x0000000100000000)
  region size 1024K, 2 young (2048K), 2 survivors (2048K)
 Metaspace       used 80695K, committed 81728K, reserved 557056K
  class space    used 11335K, committed 11840K, reserved 425984K
}
Event: 22.015 GC heap before
{Heap before GC invocations=39 (full 0):
 garbage-first heap   total 167936K, used 131403K [0x0000000080000000, 0x0000000100000000)
  region size 1024K, 51 young (52224K), 2 survivors (2048K)
 Metaspace       used 80820K, committed 81856K, reserved 557056K
  class space    used 11335K, committed 11840K, reserved 425984K
}
Event: 22.020 GC heap after
{Heap after GC invocations=40 (full 0):
 garbage-first heap   total 167936K, used 85469K [0x0000000080000000, 0x0000000100000000)
  region size 1024K, 5 young (5120K), 5 survivors (5120K)
 Metaspace       used 80820K, committed 81856K, reserved 557056K
  class space    used 11335K, committed 11840K, reserved 425984K
}
Event: 22.432 GC heap before
{Heap before GC invocations=40 (full 0):
 garbage-first heap   total 167936K, used 132573K [0x0000000080000000, 0x0000000100000000)
  region size 1024K, 52 young (53248K), 5 survivors (5120K)
 Metaspace       used 80827K, committed 81920K, reserved 557056K
  class space    used 11336K, committed 11904K, reserved 425984K
}
Event: 22.436 GC heap after
{Heap after GC invocations=41 (full 0):
 garbage-first heap   total 167936K, used 87735K [0x0000000080000000, 0x0000000100000000)
  region size 1024K, 5 young (5120K), 5 survivors (5120K)
 Metaspace       used 80827K, committed 81920K, reserved 557056K
  class space    used 11336K, committed 11904K, reserved 425984K
}
Event: 22.727 GC heap before
{Heap before GC invocations=41 (full 0):
 garbage-first heap   total 167936K, used 133815K [0x0000000080000000, 0x0000000100000000)
  region size 1024K, 51 young (52224K), 5 survivors (5120K)
 Metaspace       used 80830K, committed 81920K, reserved 557056K
  class space    used 11336K, committed 11904K, reserved 425984K
}
Event: 22.731 GC heap after
{Heap after GC invocations=42 (full 0):
 garbage-first heap   total 167936K, used 89744K [0x0000000080000000, 0x0000000100000000)
  region size 1024K, 5 young (5120K), 5 survivors (5120K)
 Metaspace       used 80830K, committed 81920K, reserved 557056K
  class space    used 11336K, committed 11904K, reserved 425984K
}
Event: 23.387 GC heap before
{Heap before GC invocations=43 (full 0):
 garbage-first heap   total 167936K, used 141968K [0x0000000080000000, 0x0000000100000000)
  region size 1024K, 50 young (51200K), 5 survivors (5120K)
 Metaspace       used 82406K, committed 83520K, reserved 557056K
  class space    used 11521K, committed 12096K, reserved 425984K
}
Event: 23.391 GC heap after
{Heap after GC invocations=44 (full 0):
 garbage-first heap   total 167936K, used 103176K [0x0000000080000000, 0x0000000100000000)
  region size 1024K, 7 young (7168K), 7 survivors (7168K)
 Metaspace       used 82406K, committed 83520K, reserved 557056K
  class space    used 11521K, committed 12096K, reserved 425984K
}
Event: 23.402 GC heap before
{Heap before GC invocations=44 (full 0):
 garbage-first heap   total 167936K, used 104200K [0x0000000080000000, 0x0000000100000000)
  region size 1024K, 8 young (8192K), 7 survivors (7168K)
 Metaspace       used 82493K, committed 83648K, reserved 557056K
  class space    used 11527K, committed 12096K, reserved 425984K
}
Event: 23.405 GC heap after
{Heap after GC invocations=45 (full 0):
 garbage-first heap   total 167936K, used 101742K [0x0000000080000000, 0x0000000100000000)
  region size 1024K, 1 young (1024K), 1 survivors (1024K)
 Metaspace       used 82493K, committed 83648K, reserved 557056K
  class space    used 11527K, committed 12096K, reserved 425984K
}
Event: 23.825 GC heap before
{Heap before GC invocations=45 (full 0):
 garbage-first heap   total 167936K, used 134510K [0x0000000080000000, 0x0000000100000000)
  region size 1024K, 34 young (34816K), 1 survivors (1024K)
 Metaspace       used 85291K, committed 86400K, reserved 557056K
  class space    used 11853K, committed 12416K, reserved 425984K
}
Event: 23.828 GC heap after
{Heap after GC invocations=46 (full 0):
 garbage-first heap   total 167936K, used 102309K [0x0000000080000000, 0x0000000100000000)
  region size 1024K, 1 young (1024K), 1 survivors (1024K)
 Metaspace       used 85291K, committed 86400K, reserved 557056K
  class space    used 11853K, committed 12416K, reserved 425984K
}
Event: 24.003 GC heap before
{Heap before GC invocations=46 (full 0):
 garbage-first heap   total 167936K, used 112549K [0x0000000080000000, 0x0000000100000000)
  region size 1024K, 12 young (12288K), 1 survivors (1024K)
 Metaspace       used 85997K, committed 87104K, reserved 557056K
  class space    used 11943K, committed 12480K, reserved 425984K
}
Event: 24.006 GC heap after
{Heap after GC invocations=47 (full 0):
 garbage-first heap   total 167936K, used 103989K [0x0000000080000000, 0x0000000100000000)
  region size 1024K, 3 young (3072K), 3 survivors (3072K)
 Metaspace       used 85997K, committed 87104K, reserved 557056K
  class space    used 11943K, committed 12480K, reserved 425984K
}
Event: 24.327 GC heap before
{Heap before GC invocations=48 (full 0):
 garbage-first heap   total 203776K, used 143925K [0x0000000080000000, 0x0000000100000000)
  region size 1024K, 37 young (37888K), 3 survivors (3072K)
 Metaspace       used 87527K, committed 88640K, reserved 557056K
  class space    used 12165K, committed 12736K, reserved 425984K
}
Event: 24.334 GC heap after
{Heap after GC invocations=49 (full 0):
 garbage-first heap   total 203776K, used 108073K [0x0000000080000000, 0x0000000100000000)
  region size 1024K, 5 young (5120K), 5 survivors (5120K)
 Metaspace       used 87527K, committed 88640K, reserved 557056K
  class space    used 12165K, committed 12736K, reserved 425984K
}
Event: 24.381 GC heap before
{Heap before GC invocations=49 (full 0):
 garbage-first heap   total 203776K, used 112169K [0x0000000080000000, 0x0000000100000000)
  region size 1024K, 9 young (9216K), 5 survivors (5120K)
 Metaspace       used 87744K, committed 88832K, reserved 557056K
  class space    used 12199K, committed 12736K, reserved 425984K
}
Event: 24.385 GC heap after
{Heap after GC invocations=50 (full 0):
 garbage-first heap   total 203776K, used 107511K [0x0000000080000000, 0x0000000100000000)
  region size 1024K, 1 young (1024K), 1 survivors (1024K)
 Metaspace       used 87744K, committed 88832K, reserved 557056K
  class space    used 12199K, committed 12736K, reserved 425984K
}
Event: 25.025 GC heap before
{Heap before GC invocations=50 (full 0):
 garbage-first heap   total 203776K, used 160759K [0x0000000080000000, 0x0000000100000000)
  region size 1024K, 50 young (51200K), 1 survivors (1024K)
 Metaspace       used 91077K, committed 92224K, reserved 557056K
  class space    used 12643K, committed 13184K, reserved 425984K
}

Dll operation events (15 events):
Event: 0.035 Loaded shared library C:\Program Files\Microsoft\jdk-17.0.16.8-hotspot\bin\java.dll
Event: 0.060 Loaded shared library C:\Program Files\Microsoft\jdk-17.0.16.8-hotspot\bin\jsvml.dll
Event: 0.108 Loaded shared library C:\Program Files\Microsoft\jdk-17.0.16.8-hotspot\bin\zip.dll
Event: 0.113 Loaded shared library C:\Program Files\Microsoft\jdk-17.0.16.8-hotspot\bin\instrument.dll
Event: 0.120 Loaded shared library C:\Program Files\Microsoft\jdk-17.0.16.8-hotspot\bin\net.dll
Event: 0.122 Loaded shared library C:\Program Files\Microsoft\jdk-17.0.16.8-hotspot\bin\nio.dll
Event: 0.125 Loaded shared library C:\Program Files\Microsoft\jdk-17.0.16.8-hotspot\bin\zip.dll
Event: 0.463 Loaded shared library C:\Program Files\Microsoft\jdk-17.0.16.8-hotspot\bin\jimage.dll
Event: 0.755 Loaded shared library C:\Program Files\Microsoft\jdk-17.0.16.8-hotspot\bin\verify.dll
Event: 0.795 Loaded shared library C:\Users\ditsd\.gradle\native\660c5614fbf4a5f2a75b1949f50a0caf5cd603558e7d8a26e50b933a0cfb79d1\windows-amd64\native-platform.dll
Event: 0.817 Loaded shared library C:\Users\ditsd\.gradle\native\0.2.8\x86_64-windows-gnu\gradle-fileevents.dll
Event: 2.244 Loaded shared library C:\Program Files\Microsoft\jdk-17.0.16.8-hotspot\bin\management.dll
Event: 2.248 Loaded shared library C:\Program Files\Microsoft\jdk-17.0.16.8-hotspot\bin\management_ext.dll
Event: 2.583 Loaded shared library C:\Program Files\Microsoft\jdk-17.0.16.8-hotspot\bin\extnet.dll
Event: 2.847 Loaded shared library C:\Program Files\Microsoft\jdk-17.0.16.8-hotspot\bin\sunmscapi.dll

Deoptimization events (20 events):
Event: 24.718 Thread 0x000001c6068ba550 Uncommon trap: trap_request=0xffffff45 fr.pc=0x000001c676fd24e0 relative=0x0000000000000ea0
Event: 24.718 Thread 0x000001c6068ba550 Uncommon trap: reason=unstable_if action=reinterpret pc=0x000001c676fd24e0 method=org.objectweb.asm.Label.resolve([BLorg/objectweb/asm/ByteVector;I)Z @ 81 c2
Event: 24.718 Thread 0x000001c6068ba550 DEOPT PACKING pc=0x000001c676fd24e0 sp=0x00000038835f10d0
Event: 24.718 Thread 0x000001c6068ba550 DEOPT UNPACKING pc=0x000001c6767369a3 sp=0x00000038835f0ff8 mode 2
Event: 24.718 Thread 0x000001c6068ba550 Uncommon trap: trap_request=0xffffff45 fr.pc=0x000001c6771371ec relative=0x000000000000024c
Event: 24.718 Thread 0x000001c6068ba550 Uncommon trap: reason=unstable_if action=reinterpret pc=0x000001c6771371ec method=org.objectweb.asm.Label.resolve([BLorg/objectweb/asm/ByteVector;I)Z @ 81 c2
Event: 24.718 Thread 0x000001c6068ba550 DEOPT PACKING pc=0x000001c6771371ec sp=0x00000038835f1050
Event: 24.718 Thread 0x000001c6068ba550 DEOPT UNPACKING pc=0x000001c6767369a3 sp=0x00000038835f0fe0 mode 2
Event: 24.835 Thread 0x000001c6068ba550 Uncommon trap: trap_request=0xffffff45 fr.pc=0x000001c676efb7a4 relative=0x00000000000009e4
Event: 24.835 Thread 0x000001c6068ba550 Uncommon trap: reason=unstable_if action=reinterpret pc=0x000001c676efb7a4 method=java.lang.Integer.stringSize(I)I @ 19 c2
Event: 24.835 Thread 0x000001c6068ba550 DEOPT PACKING pc=0x000001c676efb7a4 sp=0x00000038835f4350
Event: 24.835 Thread 0x000001c6068ba550 DEOPT UNPACKING pc=0x000001c6767369a3 sp=0x00000038835f42a8 mode 2
Event: 24.922 Thread 0x000001c6068ba550 Uncommon trap: trap_request=0xffffff45 fr.pc=0x000001c6772b823c relative=0x0000000000000b5c
Event: 24.922 Thread 0x000001c6068ba550 Uncommon trap: reason=unstable_if action=reinterpret pc=0x000001c6772b823c method=java.util.Properties$LineReader.readLine()I @ 25 c2
Event: 24.922 Thread 0x000001c6068ba550 DEOPT PACKING pc=0x000001c6772b823c sp=0x00000038835f2e90
Event: 24.922 Thread 0x000001c6068ba550 DEOPT UNPACKING pc=0x000001c6767369a3 sp=0x00000038835f2e38 mode 2
Event: 25.024 Thread 0x000001c6068ba550 Uncommon trap: trap_request=0xffffffd6 fr.pc=0x000001c677437b2c relative=0x000000000000066c
Event: 25.024 Thread 0x000001c6068ba550 Uncommon trap: reason=array_check action=maybe_recompile pc=0x000001c677437b2c method=java.util.TimSort.binarySort([Ljava/lang/Object;IIILjava/util/Comparator;)V @ 215 c2
Event: 25.024 Thread 0x000001c6068ba550 DEOPT PACKING pc=0x000001c677437b2c sp=0x00000038835f2f50
Event: 25.024 Thread 0x000001c6068ba550 DEOPT UNPACKING pc=0x000001c6767369a3 sp=0x00000038835f2ee8 mode 2

Classes loaded (20 events):
Event: 23.942 Loading class java/security/spec/DSAParameterSpec
Event: 23.942 Loading class java/security/spec/DSAParameterSpec done
Event: 23.943 Loading class java/math/SignedMutableBigInteger
Event: 23.943 Loading class java/math/SignedMutableBigInteger done
Event: 23.989 Loading class sun/security/util/JarConstraintsParameters
Event: 23.990 Loading class sun/security/util/JarConstraintsParameters done
Event: 23.991 Loading class java/util/Base64
Event: 23.991 Loading class java/util/Base64 done
Event: 23.991 Loading class java/util/Base64$Decoder
Event: 23.991 Loading class java/util/Base64$Decoder done
Event: 23.991 Loading class java/util/Base64$Encoder
Event: 23.992 Loading class java/util/Base64$Encoder done
Event: 23.993 Loading class java/util/jar/JarVerifier$VerifierStream
Event: 23.993 Loading class java/util/jar/JarVerifier$VerifierStream done
Event: 23.993 Loading class sun/security/util/ManifestEntryVerifier$SunProviderHolder
Event: 23.994 Loading class sun/security/util/ManifestEntryVerifier$SunProviderHolder done
Event: 24.060 Loading class java/security/KeyStore$ProtectionParameter
Event: 24.061 Loading class java/security/KeyStore$ProtectionParameter done
Event: 24.659 Loading class javax/xml/stream/XMLStreamException
Event: 24.659 Loading class javax/xml/stream/XMLStreamException done

Classes unloaded (0 events):
No events

Classes redefined (0 events):
No events

Internal exceptions (20 events):
Event: 23.039 Thread 0x000001c6068ba550 Exception <a 'java/lang/ClassNotFoundException'{0x00000000892aaf98}: org/gradle/plugin/software/internal/ProjectFeaturesDynamicObject_DecoratedCustomizer> (0x00000000892aaf98) 
thrown [s\src\hotspot\share\classfile\systemDictionary.cpp, line 256]
Event: 23.047 Thread 0x000001c6068ba550 Exception <a 'java/lang/ClassNotFoundException'{0x000000008914ae58}: org/gradle/api/internal/project/LifecycleAwareProject_DecoratedBeanInfo> (0x000000008914ae58) 
thrown [s\src\hotspot\share\classfile\systemDictionary.cpp, line 256]
Event: 23.048 Thread 0x000001c6068ba550 Exception <a 'java/lang/ClassNotFoundException'{0x0000000089163b20}: org/gradle/api/internal/project/LifecycleAwareProjectBeanInfo> (0x0000000089163b20) 
thrown [s\src\hotspot\share\classfile\systemDictionary.cpp, line 256]
Event: 23.049 Thread 0x000001c6068ba550 Exception <a 'java/lang/ClassNotFoundException'{0x000000008917ce60}: org/gradle/api/internal/project/MutableStateAccessAwareProjectBeanInfo> (0x000000008917ce60) 
thrown [s\src\hotspot\share\classfile\systemDictionary.cpp, line 256]
Event: 23.050 Thread 0x000001c6068ba550 Exception <a 'java/lang/ClassNotFoundException'{0x00000000891963a0}: org/gradle/api/internal/project/MutableStateAccessAwareProjectCustomizer> (0x00000000891963a0) 
thrown [s\src\hotspot\share\classfile\systemDictionary.cpp, line 256]
Event: 23.054 Thread 0x000001c6068ba550 Exception <a 'java/lang/ClassNotFoundException'{0x0000000089054f70}: org/gradle/api/internal/project/LifecycleAwareProjectCustomizer> (0x0000000089054f70) 
thrown [s\src\hotspot\share\classfile\systemDictionary.cpp, line 256]
Event: 23.056 Thread 0x000001c6068ba550 Exception <a 'java/lang/ClassNotFoundException'{0x000000008907ff30}: org/gradle/api/internal/project/LifecycleAwareProject_DecoratedCustomizer> (0x000000008907ff30) 
thrown [s\src\hotspot\share\classfile\systemDictionary.cpp, line 256]
Event: 23.101 Thread 0x000001c6068ba550 Exception <a 'java/lang/ClassNotFoundException'{0x0000000088e538c0}: build_2t567eypw0vqtqvahbamfhagiBeanInfo> (0x0000000088e538c0) 
thrown [s\src\hotspot\share\classfile\systemDictionary.cpp, line 256]
Event: 23.101 Thread 0x000001c6068ba550 Exception <a 'java/lang/ClassNotFoundException'{0x0000000088e61c70}: build_2t567eypw0vqtqvahbamfhagiCustomizer> (0x0000000088e61c70) 
thrown [s\src\hotspot\share\classfile\systemDictionary.cpp, line 256]
Event: 23.419 Thread 0x000001c6068ba550 Exception <a 'java/lang/NoSuchMethodError'{0x000000008da3f808}: 'java.lang.Object java.lang.invoke.DirectMethodHandle$Holder.invokeSpecial(java.lang.Object, java.lang.Object, long, java.lang.Object, java.lang.Object, java.lang.Object, java.lang.Object, java.lang.Object, java.lang.Object, java.lang.Object, java.lang.Object, java.lang.Object)'> (0x000000008da3f808) 
thrown [s\src\hotspot\share\interpreter\linkResolver.cpp, line 759]
Event: 23.419 Thread 0x000001c6068ba550 Exception <a 'java/lang/NoSuchMethodError'{0x000000008da45a40}: 'java.lang.Object java.lang.invoke.DelegatingMethodHandle$Holder.reinvoke_L(java.lang.Object, long, java.lang.Object, java.lang.Object, java.lang.Object, java.lang.Object, java.lang.Object, java.lang.Object, java.lang.Object, java.lang.Object, java.lang.Object)'> (0x000000008da45a40) 
thrown [s\src\hotspot\share\interpreter\linkResolver.cpp, line 759]
Event: 23.933 Thread 0x000001c6068ba550 Implicit null exception at 0x000001c67703092c to 0x000001c677030ade
Event: 23.989 Thread 0x000001c6068ba550 Implicit null exception at 0x000001c6774706ca to 0x000001c677470f22
Event: 24.718 Thread 0x000001c6068ba550 Implicit null exception at 0x000001c6770205e8 to 0x000001c6770206a8
Event: 24.950 Thread 0x000001c6068ba550 Exception <a 'java/lang/NoSuchMethodError'{0x0000000089a3c680}: static Lorg/jetbrains/kotlin/gradle/plugin/internal/DefaultProjectIsolationStartParameterAccessor$Factory;.<clinit>()V> (0x0000000089a3c680) 
thrown [s\src\hotspot\share\prims\jni.cpp, line 1112]
Event: 24.952 Thread 0x000001c6068ba550 Exception <a 'java/lang/NoSuchMethodError'{0x0000000089a5ca98}: static Lorg/jetbrains/kotlin/gradle/plugin/internal/DefaultJavaExecTaskParametersCompatibility$Factory;.<clinit>()V> (0x0000000089a5ca98) 
thrown [s\src\hotspot\share\prims\jni.cpp, line 1112]
Event: 24.953 Thread 0x000001c6068ba550 Exception <a 'java/lang/NoSuchMethodError'{0x0000000089a898f8}: static Lorg/jetbrains/kotlin/gradle/plugin/internal/DefaultMavenPublicationComponentAccessorFactory;.<clinit>()V> (0x0000000089a898f8) 
thrown [s\src\hotspot\share\prims\jni.cpp, line 1112]
Event: 24.955 Thread 0x000001c6068ba550 Exception <a 'java/lang/NoSuchMethodError'{0x0000000089ab2a10}: static Lorg/jetbrains/kotlin/gradle/plugin/internal/DefaultCompatibilityConventionRegistrar$Factory;.<clinit>()V> (0x0000000089ab2a10) 
thrown [s\src\hotspot\share\prims\jni.cpp, line 1112]
Event: 24.957 Thread 0x000001c6068ba550 Exception <a 'java/lang/NoSuchMethodError'{0x0000000089ad3008}: static Lorg/jetbrains/kotlin/gradle/plugin/internal/DefaultConfigurationCacheStartParameterAccessorVariantFactory;.<clinit>()V> (0x0000000089ad3008) 
thrown [s\src\hotspot\share\prims\jni.cpp, line 1112]
Event: 25.024 Thread 0x000001c6068ba550 Exception <a 'java/lang/NoSuchMethodError'{0x00000000895efb48}: static Ljava/lang/Object;.<clinit>()V> (0x00000000895efb48) 
thrown [s\src\hotspot\share\prims\jni.cpp, line 1112]

VM Operations (20 events):
Event: 23.392 Executing VM operation: G1CollectForAllocation done
Event: 23.402 Executing VM operation: G1CollectForAllocation
Event: 23.405 Executing VM operation: G1CollectForAllocation done
Event: 23.825 Executing VM operation: G1CollectForAllocation
Event: 23.828 Executing VM operation: G1CollectForAllocation done
Event: 23.945 Executing VM operation: HandshakeAllThreads
Event: 23.946 Executing VM operation: HandshakeAllThreads done
Event: 24.003 Executing VM operation: G1TryInitiateConcMark
Event: 24.006 Executing VM operation: G1TryInitiateConcMark done
Event: 24.063 Executing VM operation: G1PauseRemark
Event: 24.068 Executing VM operation: G1PauseRemark done
Event: 24.094 Executing VM operation: G1PauseCleanup
Event: 24.094 Executing VM operation: G1PauseCleanup done
Event: 24.327 Executing VM operation: G1CollectForAllocation
Event: 24.334 Executing VM operation: G1CollectForAllocation done
Event: 24.381 Executing VM operation: G1CollectForAllocation
Event: 24.385 Executing VM operation: G1CollectForAllocation done
Event: 24.835 Executing VM operation: HandshakeAllThreads
Event: 24.836 Executing VM operation: HandshakeAllThreads done
Event: 25.025 Executing VM operation: G1CollectForAllocation

Memory protections (0 events):
No events

Nmethod flushes (20 events):
Event: 20.314 Thread 0x000001c6067ce160 flushing  nmethod 0x000001c67013a310
Event: 20.314 Thread 0x000001c6067ce160 flushing  nmethod 0x000001c67013ff10
Event: 20.314 Thread 0x000001c6067ce160 flushing  nmethod 0x000001c67015be90
Event: 20.314 Thread 0x000001c6067ce160 flushing  nmethod 0x000001c67019a090
Event: 20.315 Thread 0x000001c6067ce160 flushing  nmethod 0x000001c6701c8f10
Event: 20.315 Thread 0x000001c6067ce160 flushing  nmethod 0x000001c6701c9b90
Event: 20.315 Thread 0x000001c6067ce160 flushing  nmethod 0x000001c6701fb810
Event: 20.315 Thread 0x000001c6067ce160 flushing  nmethod 0x000001c670216890
Event: 20.315 Thread 0x000001c6067ce160 flushing  nmethod 0x000001c670235b10
Event: 20.315 Thread 0x000001c6067ce160 flushing  nmethod 0x000001c670243e90
Event: 20.315 Thread 0x000001c6067ce160 flushing  nmethod 0x000001c670244210
Event: 20.315 Thread 0x000001c6067ce160 flushing  nmethod 0x000001c670244f10
Event: 20.315 Thread 0x000001c6067ce160 flushing  nmethod 0x000001c67025f790
Event: 20.315 Thread 0x000001c6067ce160 flushing  nmethod 0x000001c6702de490
Event: 20.317 Thread 0x000001c6067ce160 flushing  nmethod 0x000001c67046b510
Event: 20.318 Thread 0x000001c6067ce160 flushing  nmethod 0x000001c6704ce890
Event: 20.318 Thread 0x000001c6067ce160 flushing  nmethod 0x000001c6704ced90
Event: 20.318 Thread 0x000001c6067ce160 flushing  nmethod 0x000001c6704cfb90
Event: 20.318 Thread 0x000001c6067ce160 flushing  nmethod 0x000001c6704d3f90
Event: 24.838 Thread 0x000001c6067ce160 flushing  nmethod 0x000001c67712bc10

Events (20 events):
Event: 21.451 Thread 0x000001c62d6d4070 Thread added: 0x000001c62c4aedc0
Event: 21.456 Thread 0x000001c62d6d4070 Thread added: 0x000001c62c4b0c20
Event: 21.464 Thread 0x000001c62d6d4070 Thread added: 0x000001c62c4afcf0
Event: 21.529 Thread 0x000001c6068ba550 Thread added: 0x000001c62c4af7e0
Event: 21.529 Thread 0x000001c6068ba550 Thread added: 0x000001c62c4b0200
Event: 21.529 Thread 0x000001c6068ba550 Thread added: 0x000001c62c4ae8b0
Event: 21.529 Thread 0x000001c6068ba550 Thread added: 0x000001c62c4ae3a0
Event: 21.530 Thread 0x000001c6068ba550 Thread added: 0x000001c62c4ad980
Event: 21.530 Thread 0x000001c6068ba550 Thread added: 0x000001c62c4af2d0
Event: 21.530 Thread 0x000001c6068ba550 Thread added: 0x000001c62c4b1130
Event: 21.530 Thread 0x000001c6068ba550 Thread added: 0x000001c62c4b1640
Event: 21.530 Thread 0x000001c6068ba550 Thread added: 0x000001c62c4ade90
Event: 21.531 Thread 0x000001c6068ba550 Thread added: 0x000001c62c4b39b0
Event: 22.817 Thread 0x000001c6068ba550 Thread added: 0x000001c62c4b2060
Event: 23.025 Thread 0x000001c628fa3de0 Thread exited: 0x000001c628fa3de0
Event: 23.052 Thread 0x000001c6067c2710 Thread added: 0x000001c628fa3de0
Event: 23.074 Thread 0x000001c6068ba550 Thread added: 0x000001c62c4b3ec0
Event: 23.089 Thread 0x000001c6068ba550 Thread added: 0x000001c62c4b5300
Event: 23.256 Thread 0x000001c628fa3de0 Thread exited: 0x000001c628fa3de0
Event: 23.547 Thread 0x000001c6277581f0 Thread added: 0x000001c628fa3de0


Dynamic libraries:
0x00007ff755a00000 - 0x00007ff755a0e000 	C:\Program Files\Microsoft\jdk-17.0.16.8-hotspot\bin\java.exe
0x00007ffbeb8e0000 - 0x00007ffbebb47000 	C:\WINDOWS\SYSTEM32\ntdll.dll
0x00007ffbeb660000 - 0x00007ffbeb72b000 	C:\WINDOWS\System32\KERNEL32.DLL
0x00007ffbe91c0000 - 0x00007ffbe95c2000 	C:\WINDOWS\System32\KERNELBASE.dll
0x00007ffbe8fa0000 - 0x00007ffbe90ec000 	C:\WINDOWS\System32\ucrtbase.dll
0x00007ffba51b0000 - 0x00007ffba51ce000 	C:\Program Files\Microsoft\jdk-17.0.16.8-hotspot\bin\VCRUNTIME140.dll
0x00007ffba4030000 - 0x00007ffba4048000 	C:\Program Files\Microsoft\jdk-17.0.16.8-hotspot\bin\jli.dll
0x00007ffbeaf60000 - 0x00007ffbeb12f000 	C:\WINDOWS\System32\USER32.dll
0x00007ffbe95d0000 - 0x00007ffbe95f7000 	C:\WINDOWS\System32\win32u.dll
0x00007ffbd4070000 - 0x00007ffbd4300000 	C:\WINDOWS\WinSxS\amd64_microsoft.windows.common-controls_6595b64144ccf1df_6.0.26100.9278_none_3e0d1ba8e3303201\COMCTL32.dll
0x00007ffbe9db0000 - 0x00007ffbe9ddb000 	C:\WINDOWS\System32\GDI32.dll
0x00007ffbeb730000 - 0x00007ffbeb7d9000 	C:\WINDOWS\System32\msvcrt.dll
0x00007ffbe8dc0000 - 0x00007ffbe8ee9000 	C:\WINDOWS\System32\gdi32full.dll
0x00007ffbe8ef0000 - 0x00007ffbe8f93000 	C:\WINDOWS\System32\msvcp_win.dll
0x00007ffbe9de0000 - 0x00007ffbe9e11000 	C:\WINDOWS\System32\IMM32.DLL
0x00007ffbbeda0000 - 0x00007ffbbedac000 	C:\Program Files\Microsoft\jdk-17.0.16.8-hotspot\bin\vcruntime140_1.dll
0x00007ffb6b630000 - 0x00007ffb6b6b9000 	C:\Program Files\Microsoft\jdk-17.0.16.8-hotspot\bin\msvcp140.dll
0x00007ffa9e0c0000 - 0x00007ffa9ed3a000 	C:\Program Files\Microsoft\jdk-17.0.16.8-hotspot\bin\server\jvm.dll
0x00007ffbea6f0000 - 0x00007ffbea7ac000 	C:\WINDOWS\System32\ADVAPI32.dll
0x00007ffbe9600000 - 0x00007ffbe96a9000 	C:\WINDOWS\System32\sechost.dll
0x00007ffbea250000 - 0x00007ffbea368000 	C:\WINDOWS\System32\RPCRT4.dll
0x00007ffbeb210000 - 0x00007ffbeb290000 	C:\WINDOWS\System32\WS2_32.dll
0x00007ffbe5fc0000 - 0x00007ffbe5ff6000 	C:\WINDOWS\SYSTEM32\WINMM.dll
0x00007ffbe1670000 - 0x00007ffbe167b000 	C:\WINDOWS\SYSTEM32\VERSION.dll
0x00007ffbe8940000 - 0x00007ffbe899e000 	C:\WINDOWS\SYSTEM32\POWRPROF.dll
0x00007ffbe8920000 - 0x00007ffbe8935000 	C:\WINDOWS\SYSTEM32\UMPDC.dll
0x00007ffbe7770000 - 0x00007ffbe778b000 	C:\WINDOWS\SYSTEM32\kernel.appcore.dll
0x00007ffbb92b0000 - 0x00007ffbb92ba000 	C:\Program Files\Microsoft\jdk-17.0.16.8-hotspot\bin\jimage.dll
0x00007ffbe5cf0000 - 0x00007ffbe5f3c000 	C:\WINDOWS\SYSTEM32\DBGHELP.DLL
0x00007ffbeb2c0000 - 0x00007ffbeb645000 	C:\WINDOWS\System32\combase.dll
0x00007ffbea450000 - 0x00007ffbea529000 	C:\WINDOWS\System32\OLEAUT32.dll
0x00007ffbe5f80000 - 0x00007ffbe5fbb000 	C:\WINDOWS\SYSTEM32\dbgcore.DLL
0x00007ffbe8d00000 - 0x00007ffbe8dac000 	C:\WINDOWS\System32\bcryptPrimitives.dll
0x00007ffbb7b80000 - 0x00007ffbb7b8f000 	C:\Program Files\Microsoft\jdk-17.0.16.8-hotspot\bin\instrument.dll
0x00007ffba29c0000 - 0x00007ffba29e6000 	C:\Program Files\Microsoft\jdk-17.0.16.8-hotspot\bin\java.dll
0x00007ffb61cb0000 - 0x00007ffb61d86000 	C:\Program Files\Microsoft\jdk-17.0.16.8-hotspot\bin\jsvml.dll
0x00007ffbea7c0000 - 0x00007ffbeaf58000 	C:\WINDOWS\System32\SHELL32.dll
0x00007ffbe6500000 - 0x00007ffbe6dae000 	C:\WINDOWS\SYSTEM32\windows.storage.dll
0x00007ffbe9e20000 - 0x00007ffbe9f1b000 	C:\WINDOWS\System32\SHCORE.dll
0x00007ffbea390000 - 0x00007ffbea3f6000 	C:\WINDOWS\System32\shlwapi.dll
0x00007ffbe8a00000 - 0x00007ffbe8a29000 	C:\WINDOWS\SYSTEM32\profapi.dll
0x00007ffba2830000 - 0x00007ffba2848000 	C:\Program Files\Microsoft\jdk-17.0.16.8-hotspot\bin\zip.dll
0x00007ffba4010000 - 0x00007ffba402b000 	C:\Program Files\Microsoft\jdk-17.0.16.8-hotspot\bin\net.dll
0x00007ffbe1b70000 - 0x00007ffbe1c9a000 	C:\WINDOWS\SYSTEM32\WINHTTP.dll
0x00007ffbe7d10000 - 0x00007ffbe7d7c000 	C:\WINDOWS\system32\mswsock.dll
0x00007ffba3b60000 - 0x00007ffba3b76000 	C:\Program Files\Microsoft\jdk-17.0.16.8-hotspot\bin\nio.dll
0x00007ffbb7b90000 - 0x00007ffbb7ba0000 	C:\Program Files\Microsoft\jdk-17.0.16.8-hotspot\bin\verify.dll
0x00007ffbb31f0000 - 0x00007ffbb3217000 	C:\Users\ditsd\.gradle\native\660c5614fbf4a5f2a75b1949f50a0caf5cd603558e7d8a26e50b933a0cfb79d1\windows-amd64\native-platform.dll
0x00007ffb7a5d0000 - 0x00007ffb7a647000 	C:\Users\ditsd\.gradle\native\0.2.8\x86_64-windows-gnu\gradle-fileevents.dll
0x00007ffbb8fe0000 - 0x00007ffbb8fea000 	C:\Program Files\Microsoft\jdk-17.0.16.8-hotspot\bin\management.dll
0x00007ffbb7d10000 - 0x00007ffbb7d1c000 	C:\Program Files\Microsoft\jdk-17.0.16.8-hotspot\bin\management_ext.dll
0x00007ffbeb650000 - 0x00007ffbeb658000 	C:\WINDOWS\System32\PSAPI.DLL
0x00007ffbe71d0000 - 0x00007ffbe7203000 	C:\WINDOWS\SYSTEM32\IPHLPAPI.DLL
0x00007ffbeb200000 - 0x00007ffbeb20a000 	C:\WINDOWS\System32\NSI.dll
0x00007ffbe2e00000 - 0x00007ffbe2e1d000 	C:\WINDOWS\SYSTEM32\dhcpcsvc6.DLL
0x00007ffbe2cb0000 - 0x00007ffbe2cd5000 	C:\WINDOWS\SYSTEM32\dhcpcsvc.DLL
0x00007ffbe7210000 - 0x00007ffbe7368000 	C:\WINDOWS\SYSTEM32\DNSAPI.dll
0x00007ffbe7b10000 - 0x00007ffbe7b1d000 	C:\WINDOWS\SYSTEM32\DSPARSE.dll
0x00007ffbb7c50000 - 0x00007ffbb7c59000 	C:\Program Files\Microsoft\jdk-17.0.16.8-hotspot\bin\extnet.dll
0x00007ffbe8130000 - 0x00007ffbe814b000 	C:\WINDOWS\SYSTEM32\CRYPTSP.dll
0x00007ffbe76d0000 - 0x00007ffbe7709000 	C:\WINDOWS\system32\rsaenh.dll
0x00007ffbe7dc0000 - 0x00007ffbe7df4000 	C:\WINDOWS\SYSTEM32\USERENV.dll
0x00007ffbe89d0000 - 0x00007ffbe89fa000 	C:\WINDOWS\SYSTEM32\bcrypt.dll
0x00007ffbe7f70000 - 0x00007ffbe7f7c000 	C:\WINDOWS\SYSTEM32\CRYPTBASE.dll
0x00007ffbc5730000 - 0x00007ffbc573e000 	C:\Program Files\Microsoft\jdk-17.0.16.8-hotspot\bin\sunmscapi.dll
0x00007ffbe8ae0000 - 0x00007ffbe8c5e000 	C:\WINDOWS\System32\CRYPT32.dll
0x00007ffbe82a0000 - 0x00007ffbe82d0000 	C:\WINDOWS\SYSTEM32\ncrypt.dll
0x00007ffbe8250000 - 0x00007ffbe828f000 	C:\WINDOWS\SYSTEM32\NTASN1.dll
0x00007ffb87390000 - 0x00007ffb87398000 	C:\WINDOWS\system32\wshunix.dll
0x000000006d520000 - 0x000000006d546000 	C:\Program Files\Bonjour\mdnsNSP.dll
0x00007ffbe15f0000 - 0x00007ffbe15fb000 	C:\Windows\System32\rasadhlp.dll
0x00007ffbe2fe0000 - 0x00007ffbe3066000 	C:\WINDOWS\System32\fwpuclnt.dll
0x00007ffbe51e0000 - 0x00007ffbe527f000 	C:\WINDOWS\system32\apphelp.dll

dbghelp: loaded successfully - version: 4.0.5 - missing functions: none
symbol engine: initialized successfully - sym options: 0x614 - pdb path: .;C:\Program Files\Microsoft\jdk-17.0.16.8-hotspot\bin;C:\WINDOWS\SYSTEM32;C:\WINDOWS\WinSxS\amd64_microsoft.windows.common-controls_6595b64144ccf1df_6.0.26100.9278_none_3e0d1ba8e3303201;C:\Program Files\Microsoft\jdk-17.0.16.8-hotspot\bin\server;C:\Users\ditsd\.gradle\native\660c5614fbf4a5f2a75b1949f50a0caf5cd603558e7d8a26e50b933a0cfb79d1\windows-amd64;C:\Users\ditsd\.gradle\native\0.2.8\x86_64-windows-gnu;C:\Program Files\Bonjour

VM Arguments:
jvm_args: --add-opens=java.base/java.lang=ALL-UNNAMED --add-opens=java.base/java.lang.invoke=ALL-UNNAMED --add-opens=java.base/java.util=ALL-UNNAMED --add-opens=java.prefs/java.util.prefs=ALL-UNNAMED --add-exports=jdk.compiler/com.sun.tools.javac.api=ALL-UNNAMED --add-exports=jdk.compiler/com.sun.tools.javac.util=ALL-UNNAMED --add-opens=java.base/java.util=ALL-UNNAMED --add-opens=java.prefs/java.util.prefs=ALL-UNNAMED --add-opens=java.base/java.nio.charset=ALL-UNNAMED --add-opens=java.base/java.net=ALL-UNNAMED --add-opens=java.base/java.util.concurrent=ALL-UNNAMED --add-opens=java.base/java.util.concurrent.atomic=ALL-UNNAMED --add-opens=java.xml/javax.xml.namespace=ALL-UNNAMED --add-opens=java.base/java.time=ALL-UNNAMED -XX:MaxMetaspaceSize=512m -Xmx2048m -Dfile.encoding=windows-1252 -Duser.country=IN -Duser.language=en -Duser.variant -javaagent:C:\Users\ditsd\.gradle\wrapper\dists\gradle-9.3.1-bin\23ovyewtku6u96viwx3xl3oks\gradle-9.3.1\lib\agents\gradle-instrumentation-agent-9.3.1.jar 
java_command: org.gradle.launcher.daemon.bootstrap.GradleDaemon 9.3.1
java_class_path (initial): C:\Users\ditsd\.gradle\wrapper\dists\gradle-9.3.1-bin\23ovyewtku6u96viwx3xl3oks\gradle-9.3.1\lib\gradle-daemon-main-9.3.1.jar
Launcher Type: SUN_STANDARD

[Global flags]
     intx CICompilerCount                          = 12                                        {product} {ergonomic}
   size_t CompressedClassSpaceSize                 = 436207616                                 {product} {ergonomic}
     uint ConcGCThreads                            = 3                                         {product} {ergonomic}
     uint G1ConcRefinementThreads                  = 13                                        {product} {ergonomic}
   size_t G1HeapRegionSize                         = 1048576                                   {product} {ergonomic}
    uintx GCDrainStackTargetSize                   = 64                                        {product} {ergonomic}
   size_t InitialHeapSize                          = 249561088                                 {product} {ergonomic}
   size_t MarkStackSize                            = 4194304                                   {product} {ergonomic}
   size_t MaxHeapSize                              = 2147483648                                {product} {command line}
   size_t MaxMetaspaceSize                         = 536870912                                 {product} {command line}
   size_t MaxNewSize                               = 1287651328                                {product} {ergonomic}
   size_t MinHeapDeltaBytes                        = 1048576                                   {product} {ergonomic}
   size_t MinHeapSize                              = 8388608                                   {product} {ergonomic}
    uintx NonNMethodCodeHeapSize                   = 7602480                                {pd product} {ergonomic}
    uintx NonProfiledCodeHeapSize                  = 122027880                              {pd product} {ergonomic}
    uintx ProfiledCodeHeapSize                     = 122027880                              {pd product} {ergonomic}
    uintx ReservedCodeCacheSize                    = 251658240                              {pd product} {ergonomic}
     bool SegmentedCodeCache                       = true                                      {product} {ergonomic}
   size_t SoftMaxHeapSize                          = 2147483648                             {manageable} {ergonomic}
     bool UseCompressedClassPointers               = true                           {product lp64_product} {ergonomic}
     bool UseCompressedOops                        = true                           {product lp64_product} {ergonomic}
     bool UseG1GC                                  = true                                      {product} {ergonomic}
     bool UseLargePagesIndividualAllocation        = false                                  {pd product} {ergonomic}

Logging:
Log output configuration:
 #0: stdout all=warning uptime,level,tags
 #1: stderr all=off uptime,level,tags

Environment Variables:
JAVA_HOME=C:\Program Files\Microsoft\jdk-17.0.16.8-hotspot\
PATH=C:\Projects\RESQGo\mobile\node_modules\.bin;C:\Projects\RESQGo\mobile\node_modules\.bin;C:\Projects\RESQGo\node_modules\.bin;C:\Projects\node_modules\.bin;C:\node_modules\.bin;C:\Program Files\nodejs\node_modules\npm\node_modules\@npmcli\run-script\lib\node-gyp-bin;c:\Users\ditsd\AppData\Roaming\Code\User\globalStorage\github.copilot-chat\debugCommand;c:\Users\ditsd\AppData\Roaming\Code\User\globalStorage\github.copilot-chat\copilotCli;C:\Program Files\Eclipse Adoptium\jdk-17.0.19.10-hotspot\bin;C:\Program Files (x86)\Common Files\Oracle\Java\java8path;C:\Program Files (x86)\Common Files\Oracle\Java\javapath;C:\Program Files\Microsoft\jdk-17.0.16.8-hotspot\bin;C:\WINDOWS\system32;C:\WINDOWS;C:\WINDOWS\System32\Wbem;C:\WINDOWS\System32\WindowsPowerShell\v1.0\;C:\WINDOWS\System32\OpenSSH\;C:\ProgramData\chocolatey\bin;C:\Program Files\nodejs\;%LOCALAPPDATA%\Android\Sdk\platform-tools;C:\flutter\bin;C:\Program Files\Microsoft SQL Server\170\Tools\Binn\;C:\Program Files\Git\cmd;C:\Program Files\Docker\Docker\resources\bin;C:\Users\ditsd\AppData\Local\Microsoft\WindowsApps;C:\Users\ditsd\AppData\Roaming\npm;C:\Users\ditsd\AppData\Local\Programs\Microsoft VS Code\bin;C:\Users\ditsd\AppData\Local\Android\Sdk\platform-tools;C:\Users\ditsd\AppData\Local\Android\Sdk\emulator;C:\Users\ditsd\AppData\Local\Android\Sdk\cmdline-tools\latest\bin;C:\Users\ditsd\AppData\Local\Android\Sdk\tools\bin;C:\Users\ditsd\AppData\Local\Python\bin;C:\Users\ditsd\AppData\Local\Programs\cursor\resources\app\bin;C:\Users\ditsd\AppData\Local\Kingsoft\WPS Office\12.1.0.27458\clitool;C:\Users\ditsd\AppData\Local\Programs\Devin\bin
USERNAME=ditsd
LANG=en_US.UTF-8
OS=Windows_NT
PROCESSOR_IDENTIFIER=AMD64 Family 25 Model 80 Stepping 0, AuthenticAMD
TMP=C:\Users\ditsd\AppData\Local\Temp
TEMP=C:\Users\ditsd\AppData\Local\Temp



Periodic native trim disabled


---------------  S Y S T E M  ---------------

OS:
 Windows 11 , 64 bit Build 26100 (10.0.26100.9444)
OS uptime: 4 days 3:28 hours
Hyper-V role detected

CPU: total 16 (initial active 16) (16 cores per cpu, 2 threads per core) family 25 model 80 stepping 0 microcode 0xa50000f, cx8, cmov, fxsr, ht, mmx, 3dnowpref, sse, sse2, sse3, ssse3, sse4a, sse4.1, sse4.2, popcnt, lzcnt, tsc, tscinvbit, avx, avx2, aes, erms, clmul, bmi1, bmi2, adx, sha, fma, vzeroupper, clflush, clflushopt, hv
Processor Information for processor 0
  Max Mhz: 2000, Current Mhz: 2000, Mhz Limit: 2000
Processor Information for processor 1
  Max Mhz: 2000, Current Mhz: 1808, Mhz Limit: 2000
Processor Information for processor 2
  Max Mhz: 2000, Current Mhz: 2000, Mhz Limit: 2000
Processor Information for processor 3
  Max Mhz: 2000, Current Mhz: 1808, Mhz Limit: 2000
Processor Information for processor 4
  Max Mhz: 2000, Current Mhz: 1808, Mhz Limit: 2000
Processor Information for processor 5
  Max Mhz: 2000, Current Mhz: 2000, Mhz Limit: 2000
Processor Information for processor 6
  Max Mhz: 2000, Current Mhz: 1808, Mhz Limit: 2000
Processor Information for processor 7
  Max Mhz: 2000, Current Mhz: 1808, Mhz Limit: 2000
Processor Information for processor 8
  Max Mhz: 2000, Current Mhz: 2000, Mhz Limit: 2000
Processor Information for processor 9
  Max Mhz: 2000, Current Mhz: 1808, Mhz Limit: 2000
Processor Information for processor 10
  Max Mhz: 2000, Current Mhz: 1808, Mhz Limit: 2000
Processor Information for processor 11
  Max Mhz: 2000, Current Mhz: 1808, Mhz Limit: 2000
Processor Information for processor 12
  Max Mhz: 2000, Current Mhz: 1808, Mhz Limit: 2000
Processor Information for processor 13
  Max Mhz: 2000, Current Mhz: 2000, Mhz Limit: 2000
Processor Information for processor 14
  Max Mhz: 2000, Current Mhz: 2000, Mhz Limit: 2000
Processor Information for processor 15
  Max Mhz: 2000, Current Mhz: 2000, Mhz Limit: 2000

Memory: 4k page, system-wide physical 15182M (318M free)
TotalPageFile size 33432M (AvailPageFile size 14M)
current process WorkingSet (physical memory assigned to process): 513M, peak: 519M
current process commit charge ("private bytes"): 608M, peak: 768M

vm_info: OpenJDK 64-Bit Server VM (17.0.16+8-LTS) for windows-amd64 JRE (17.0.16+8-LTS), built on Jul 10 2025 00:24:24 by "MicrosoftCorporation" with unknown MS VC++:1944

END.
